code,symbol,name,market,asset_type,date,open,high,low,close,preclose,volume,amount,pct_chg,turnover,trade_status,is_st,adjust,provider,source_function
,,,,,2019-12-02,6.8200,6.8500,6.6800,6.7800,6.8500,8344940,56351150.1100,-1.021900,0.966900,1,0,none,baostock,query_history_k_data_plus
,,,,,2019-12-03,6.7200,6.9900,6.7200,6.9800,6.7800,15448810,106597657.2900,2.949800,1.789900,1,0,none,baostock,query_history_k_data_plus
,,,,,2019-12-04,6.9200,6.9800,6.8500,6.9600,6.9800,9972004,68971470.9500,-0.286500,1.155400,1,0,none,baostock,query_history_k_data_plus
,,,,,2019-12-05,6.9300,7.0400,6.9000,7.0300,6.9600,12308237,85873922.8400,1.005700,1.426100,1,0,none,baostock,query_history_k_data_plus
,,,,,2019-12-06,7.0100,7.0500,6.9000,6.9900,7.0300,10394792,72310960.1500,-0.569000,1.204400,1,0,none,baostock,query_history_k_data_plus
,,,,,2019-12-09,6.9900,6.9900,6.8200,6.8500,6.9900,13952100,96121707.7800,-2.002900,1.616500,1,0,none,baostock,query_history_k_data_plus
,,,,,2019-12-10,6.8400,6.8500,6.6800,6.7500,6.8500,13973792,94217492.4900,-1.459900,1.619000,1,0,none,baostock,query_history_k_data_plus
,,,,,2019-12-11,6.7700,6.7800,6.5900,6.6100,6.7500,14328495,95493695.7000,-2.074100,1.660100,1,0,none,baostock,query_history_k_data_plus
,,,,,2019-12-12,6.6200,6.7000,6.5600,6.6100,6.6100,11381424,75404956.8600,0.000000,1.318700,1,0,none,baostock,query_history_k_data_plus
,,,,,2019-12-13,6.6500,6.7300,6.5300,6.7000,6.6100,16534641,109894814.3900,1.361600,1.915700,1,0,none,baostock,query_history_k_data_plus
,,,,,2019-12-16,6.7000,6.7600,6.6700,6.7400,6.7000,13981283,93879736.8900,0.597000,1.619900,1,0,none,baostock,query_history_k_data_plus
,,,,,2019-12-17,6.7200,6.8200,6.6900,6.7700,6.7400,17190374,116153088.7000,0.445100,1.991700,1,0,none,baostock,query_history_k_data_plus
,,,,,2019-12-18,6.7600,6.8300,6.7200,6.7400,6.7700,13029778,88082683.3400,-0.443100,1.509700,1,0,none,baostock,query_history_k_data_plus
,,,,,2019-12-19,6.7700,6.9400,6.7600,6.8700,6.7400,14650890,100320397.3000,1.928800,1.697500,1,0,none,baostock,query_history_k_data_plus
,,,,,2019-12-20,6.8800,6.9000,6.6200,6.6400,6.8700,13783444,93295358.5700,-3.347900,1.597000,1,0,none,baostock,query_history_k_data_plus
,,,,,2019-12-23,6.6400,6.7200,6.5500,6.5500,6.6400,8150326,53886506.7900,-1.355400,0.944300,1,0,none,baostock,query_history_k_data_plus
,,,,,2019-12-24,6.5700,6.6500,6.5300,6.6400,6.5500,5527120,36473545.6800,1.374000,0.640400,1,0,none,baostock,query_history_k_data_plus
,,,,,2019-12-25,6.6500,6.7300,6.6100,6.6500,6.6400,7993479,53344031.6300,0.150600,0.926100,1,0,none,baostock,query_history_k_data_plus
,,,,,2019-12-26,6.6900,6.7400,6.5500,6.6700,6.6500,8231017,54490083.0100,0.300800,0.953700,1,0,none,baostock,query_history_k_data_plus
,,,,,2019-12-27,6.6800,6.7500,6.6200,6.6600,6.6700,10064191,67204494.4600,-0.149900,1.166100,1,0,none,baostock,query_history_k_data_plus
,,,,,2019-12-30,6.6300,6.7100,6.5000,6.6900,6.6600,8820566,58228485.0200,0.450500,1.022000,1,0,none,baostock,query_history_k_data_plus
,,,,,2019-12-31,6.6900,6.7200,6.6100,6.6700,6.6900,7046570,46986318.8000,-0.299000,0.816400,1,0,none,baostock,query_history_k_data_plus
,,,,,2020-01-02,6.7000,6.8600,6.6800,6.8100,6.6700,13342743,90622997.1400,2.098900,1.545900,1,0,none,baostock,query_history_k_data_plus
,,,,,2020-01-03,6.8200,6.9200,6.7900,6.9200,6.8100,14074719,96567160.2900,1.615300,1.630700,1,0,none,baostock,query_history_k_data_plus
,,,,,2020-01-06,6.9000,7.0500,6.8300,6.8700,6.9200,14552726,100766427.4500,-0.722500,1.686100,1,0,none,baostock,query_history_k_data_plus
,,,,,2020-01-07,6.9000,7.0700,6.8900,7.0300,6.8700,16020099,112017041.4700,2.329000,1.856100,1,0,none,baostock,query_history_k_data_plus
,,,,,2020-01-08,6.9700,7.0300,6.8600,6.8700,7.0300,14107065,97869619.1900,-2.276000,1.634500,1,0,none,baostock,query_history_k_data_plus
,,,,,2020-01-09,6.9500,7.0000,6.8800,6.9800,6.8700,9934828,69008134.5300,1.601200,1.151100,1,0,none,baostock,query_history_k_data_plus
,,,,,2020-01-10,6.9800,7.0900,6.8700,6.9700,6.9800,13582007,95008868.2400,-0.143300,1.573600,1,0,none,baostock,query_history_k_data_plus
,,,,,2020-01-13,6.9700,7.0600,6.9000,7.0400,6.9700,9370825,65699632.1900,1.004300,1.085700,1,0,none,baostock,query_history_k_data_plus
,,,,,2020-01-14,7.0500,7.3500,6.9700,7.2100,7.0400,24794944,177932514.8000,2.414800,2.872800,1,0,none,baostock,query_history_k_data_plus
,,,,,2020-01-15,7.1600,7.2200,7.0500,7.0900,7.2100,13398096,95258853.4700,-1.664400,1.552300,1,0,none,baostock,query_history_k_data_plus
,,,,,2020-01-16,7.0600,7.1100,6.8800,6.9100,7.0900,12289571,85712888.8300,-2.538800,1.423900,1,0,none,baostock,query_history_k_data_plus
,,,,,2020-01-17,6.9400,7.0100,6.8600,6.8700,6.9100,8310723,57559781.2200,-0.578900,0.962900,1,0,none,baostock,query_history_k_data_plus
,,,,,2020-01-20,6.8700,6.9300,6.8200,6.9100,6.8700,7133232,49124180.9400,0.582200,0.826500,1,0,none,baostock,query_history_k_data_plus
,,,,,2020-01-21,6.9100,6.9400,6.7900,6.8200,6.9100,8375841,57519036.0100,-1.302500,0.970400,1,0,none,baostock,query_history_k_data_plus
,,,,,2020-01-22,6.8000,6.8700,6.7200,6.7900,6.8200,8366101,56815254.0500,-0.439900,0.969300,1,0,none,baostock,query_history_k_data_plus
,,,,,2020-01-23,6.7500,6.7900,6.5000,6.5000,6.7900,12763600,84307227.1400,-4.271000,1.478800,1,0,none,baostock,query_history_k_data_plus
,,,,,2020-02-03,5.8500,5.8500,5.8500,5.8500,6.5000,2090900,12231765.0000,-10.000000,0.242300,1,0,none,baostock,query_history_k_data_plus
,,,,,2020-02-04,5.2700,5.7000,5.2700,5.6000,5.8500,17059349,94396024.5500,-4.273500,1.976500,1,0,none,baostock,query_history_k_data_plus
,,,,,2020-02-05,5.6100,5.7800,5.5600,5.6500,5.6000,12458259,70757170.0200,0.892900,1.443400,1,0,none,baostock,query_history_k_data_plus
,,,,,2020-02-06,5.6700,6.2200,5.6100,6.2200,5.6500,13090496,77695535.1900,10.088500,1.516700,1,0,none,baostock,query_history_k_data_plus
,,,,,2020-02-07,6.6600,6.8400,6.2300,6.8400,6.2200,56682726,380041853.7800,9.967900,6.567300,1,0,none,baostock,query_history_k_data_plus
,,,,,2020-02-10,7.1300,7.4600,6.7300,6.8900,6.8400,66789481,473230684.7700,0.731000,7.738300,1,0,none,baostock,query_history_k_data_plus
,,,,,2020-02-11,6.7000,6.7500,6.4200,6.5100,6.8900,32869501,215735508.7000,-5.515200,3.808300,1,0,none,baostock,query_history_k_data_plus
,,,,,2020-02-12,6.5100,6.5800,6.4300,6.5200,6.5100,17192086,111832302.2600,0.153600,1.991900,1,0,none,baostock,query_history_k_data_plus
,,,,,2020-02-13,6.4900,6.8600,6.2800,6.8000,6.5200,35223745,231243097.7000,4.294500,4.081100,1,0,none,baostock,query_history_k_data_plus
,,,,,2020-02-14,6.6800,6.9200,6.5900,6.6400,6.8000,23617990,159075431.3300,-2.352900,2.736400,1,0,none,baostock,query_history_k_data_plus
,,,,,2020-02-17,6.6200,6.8200,6.6200,6.7600,6.6400,16847669,113372593.2100,1.807200,1.952000,1,0,none,baostock,query_history_k_data_plus
,,,,,2020-02-18,6.7500,6.8400,6.6400,6.7900,6.7600,20579840,138697489.9200,0.443800,2.384400,1,0,none,baostock,query_history_k_data_plus
,,,,,2020-02-19,6.7500,6.8100,6.6800,6.7100,6.7900,16178684,108998961.6000,-1.178200,1.874500,1,0,none,baostock,query_history_k_data_plus
,,,,,2020-02-20,6.6800,6.7900,6.5600,6.7000,6.7100,18291332,121733625.3700,-0.149000,2.119300,1,0,none,baostock,query_history_k_data_plus
,,,,,2020-02-21,6.6800,6.8600,6.6300,6.8000,6.7000,20553227,138813536.7900,1.492500,2.381300,1,0,none,baostock,query_history_k_data_plus
,,,,,2020-02-24,6.8000,7.1800,6.8000,7.0300,6.8000,30138855,212417371.7200,3.382400,3.491900,1,0,none,baostock,query_history_k_data_plus
,,,,,2020-02-25,6.8900,7.0200,6.7200,7.0000,7.0300,25142708,172857052.7900,-0.426700,2.913100,1,0,none,baostock,query_history_k_data_plus
,,,,,2020-02-26,6.9000,7.5000,6.8200,7.2800,7.0000,42338440,302994718.8900,4.000000,4.905400,1,0,none,baostock,query_history_k_data_plus
,,,,,2020-02-27,7.4000,8.0100,7.1300,7.7900,7.2800,68321127,525538723.4400,7.005500,7.915800,1,0,none,baostock,query_history_k_data_plus
,,,,,2020-02-28,7.3900,7.6900,7.0800,7.1100,7.7900,46231979,343280821.4000,-8.729100,5.356500,1,0,none,baostock,query_history_k_data_plus
,,,,,2020-03-02,7.1100,7.7000,7.1100,7.5500,7.1100,38633847,290440512.8100,6.188500,4.476200,1,0,none,baostock,query_history_k_data_plus
,,,,,2020-03-03,7.6300,7.9600,7.4600,7.8900,7.5500,47910520,368900064.0400,4.503300,5.551000,1,0,none,baostock,query_history_k_data_plus
,,,,,2020-03-04,7.7700,8.2000,7.7000,7.8100,7.8900,38131948,302818222.0100,-1.013900,4.418000,1,0,none,baostock,query_history_k_data_plus
,,,,,2020-03-05,7.8200,7.8800,7.5600,7.5800,7.8100,36746121,281801326.1500,-2.944900,4.257500,1,0,none,baostock,query_history_k_data_plus
,,,,,2020-03-06,7.5100,7.7600,7.4700,7.6200,7.5800,20265090,154949961.8500,0.527700,2.347900,1,0,none,baostock,query_history_k_data_plus
,,,,,2020-03-09,7.5400,7.5400,7.1600,7.1900,7.6200,22693497,166425111.0800,-5.643000,2.629300,1,0,none,baostock,query_history_k_data_plus
,,,,,2020-03-10,7.1500,7.3500,7.0000,7.3500,7.1900,19260961,138377540.0800,2.225300,2.231600,1,0,none,baostock,query_history_k_data_plus
,,,,,2020-03-11,7.3600,7.5600,7.2900,7.2900,7.3500,19074574,141853274.8100,-0.816300,2.210000,1,0,none,baostock,query_history_k_data_plus
,,,,,2020-03-12,7.3600,7.4800,7.2100,7.2800,7.2900,15780696,115648174.0000,-0.137200,1.828400,1,0,none,baostock,query_history_k_data_plus
,,,,,2020-03-13,6.8200,7.1500,6.8200,7.0800,7.2800,18143643,126737901.9100,-2.747300,2.102200,1,0,none,baostock,query_history_k_data_plus
,,,,,2020-03-16,7.1600,7.1600,6.6000,6.6200,7.0800,16252062,112115861.4600,-6.497200,1.883000,1,0,none,baostock,query_history_k_data_plus
,,,,,2020-03-17,6.5900,6.7400,6.2600,6.4500,6.6200,13681441,88443679.4000,-2.568000,1.585200,1,0,none,baostock,query_history_k_data_plus
,,,,,2020-03-18,6.3700,6.6800,6.2900,6.2900,6.4500,12519452,81378331.6200,-2.480600,1.450500,1,0,none,baostock,query_history_k_data_plus
,,,,,2020-03-19,6.2600,6.4800,6.2000,6.4100,6.2900,10570346,66913177.2400,1.907800,1.224700,1,0,none,baostock,query_history_k_data_plus
,,,,,2020-03-20,6.4600,6.5200,6.3600,6.4900,6.4100,8294939,53426400.9300,1.248000,0.961100,1,0,none,baostock,query_history_k_data_plus
,,,,,2020-03-23,6.3500,6.4000,6.1100,6.1200,6.4900,9493658,59475627.8900,-5.701100,1.099900,1,0,none,baostock,query_history_k_data_plus
,,,,,2020-03-24,6.2300,6.2700,6.1200,6.2400,6.1200,7158821,44421418.7400,1.960800,0.829400,1,0,none,baostock,query_history_k_data_plus
,,,,,2020-03-25,6.3700,6.4300,6.3200,6.3800,6.2400,7646526,48688642.2300,2.243600,0.885900,1,0,none,baostock,query_history_k_data_plus
,,,,,2020-03-26,6.3700,6.4500,6.3100,6.3300,6.3800,5786286,36858235.0400,-0.783700,0.670400,1,0,none,baostock,query_history_k_data_plus
,,,,,2020-03-27,6.3900,6.4400,6.2800,6.2900,6.3300,5578977,35512162.1900,-0.631900,0.646400,1,0,none,baostock,query_history_k_data_plus
,,,,,2020-03-30,6.3000,6.3000,6.0600,6.1200,6.2900,5843767,35893360.0400,-2.702700,0.677100,1,0,none,baostock,query_history_k_data_plus
,,,,,2020-03-31,6.1900,6.2100,6.1200,6.1600,6.1200,3659615,22579474.8800,0.653600,0.424000,1,0,none,baostock,query_history_k_data_plus
,,,,,2020-04-01,6.2000,6.2200,6.0700,6.0900,6.1600,4640539,28507367.2800,-1.136400,0.537700,1,0,none,baostock,query_history_k_data_plus
,,,,,2020-04-02,6.0600,6.2000,6.0100,6.1900,6.0900,5364636,32732800.3800,1.642000,0.621600,1,0,none,baostock,query_history_k_data_plus
,,,,,2020-04-03,6.1900,6.2200,6.1000,6.1100,6.1900,4864362,29927402.0600,-1.292400,0.563600,1,0,none,baostock,query_history_k_data_plus
,,,,,2020-04-07,6.2100,6.3100,6.1900,6.3000,6.1100,6865678,43007070.2000,3.109700,0.795500,1,0,none,baostock,query_history_k_data_plus
,,,,,2020-04-08,6.2700,6.3500,6.2500,6.3200,6.3000,5675630,35777662.0800,0.317500,0.657600,1,0,none,baostock,query_history_k_data_plus
,,,,,2020-04-09,6.3600,6.3800,6.2900,6.3200,6.3200,6450024,40839050.8400,0.000000,0.747300,1,0,none,baostock,query_history_k_data_plus
,,,,,2020-04-10,6.3200,6.3200,6.0800,6.1100,6.3200,8923549,55070762.7600,-3.322800,1.033900,1,0,none,baostock,query_history_k_data_plus
,,,,,2020-04-13,6.0900,6.1500,6.0200,6.1200,6.1100,4368215,26575946.3800,0.163700,0.506100,1,0,none,baostock,query_history_k_data_plus
,,,,,2020-04-14,6.1300,6.2700,6.1300,6.2400,6.1200,5959634,37003162.8200,1.960800,0.690500,1,0,none,baostock,query_history_k_data_plus
,,,,,2020-04-15,6.2800,6.2800,6.1000,6.1000,6.2400,7259241,44933990.7200,-2.243600,0.841100,1,0,none,baostock,query_history_k_data_plus
,,,,,2020-04-16,6.1000,6.1500,6.0600,6.1300,6.1000,5121041,31235106.6900,0.491800,0.593300,1,0,none,baostock,query_history_k_data_plus
,,,,,2020-04-17,6.1300,6.2100,6.0700,6.1000,6.1300,6761820,41492701.8000,-0.489400,0.783400,1,0,none,baostock,query_history_k_data_plus
,,,,,2020-04-20,6.1000,6.1600,6.1000,6.1400,6.1000,3993329,24466781.8100,0.655700,0.462700,1,0,none,baostock,query_history_k_data_plus
,,,,,2020-04-21,6.1400,6.1400,5.9700,6.0300,6.1400,6873734,41451051.4200,-1.791500,0.796400,1,0,none,baostock,query_history_k_data_plus
,,,,,2020-04-22,6.0100,6.0800,5.9500,6.0800,6.0300,3971239,23925161.3400,0.829200,0.460100,1,0,none,baostock,query_history_k_data_plus
,,,,,2020-04-23,6.1100,6.1200,6.0100,6.0100,6.0800,4104206,24810326.0600,-1.151300,0.475500,1,0,none,baostock,query_history_k_data_plus
,,,,,2020-04-24,6.0200,6.0400,5.8000,5.8100,6.0100,6740563,39721214.7100,-3.327800,0.781000,1,0,none,baostock,query_history_k_data_plus
,,,,,2020-04-27,5.8100,5.8500,5.7200,5.7300,5.8100,4331880,25024327.2000,-1.376900,0.501900,1,0,none,baostock,query_history_k_data_plus
,,,,,2020-04-28,5.7700,5.7700,5.3200,5.5900,5.7300,7102240,39346722.7800,-2.443300,0.822900,1,0,none,baostock,query_history_k_data_plus
,,,,,2020-04-29,5.6300,5.7600,5.6000,5.6900,5.5900,4258728,24257370.2600,1.788900,0.493400,1,0,none,baostock,query_history_k_data_plus
,,,,,2020-04-30,5.7200,5.9000,5.6700,5.8900,5.6900,5216476,30425260.0500,3.514900,0.604400,1,0,none,baostock,query_history_k_data_plus
,,,,,2020-05-06,5.8500,6.0300,5.8100,6.0300,5.8900,6235480,37100631.3000,2.376900,0.722500,1,0,none,baostock,query_history_k_data_plus
,,,,,2020-05-07,6.0100,6.0100,5.9300,5.9600,6.0300,4781500,28493385.0000,-1.160900,0.554000,1,0,none,baostock,query_history_k_data_plus
,,,,,2020-05-08,5.9700,6.0600,5.9700,6.0000,5.9600,4138982,24871827.0800,0.671100,0.479500,1,0,none,baostock,query_history_k_data_plus
,,,,,2020-05-11,6.0000,6.0500,5.9700,5.9900,6.0000,3529182,21180771.0000,-0.166700,0.408900,1,0,none,baostock,query_history_k_data_plus
,,,,,2020-05-12,6.0000,6.1800,5.9900,6.1100,5.9900,8164267,49772052.5100,2.003300,0.945900,1,0,none,baostock,query_history_k_data_plus
,,,,,2020-05-13,6.0600,6.1100,6.0100,6.0700,6.1100,4201314,25428472.3000,-0.654700,0.486800,1,0,none,baostock,query_history_k_data_plus
,,,,,2020-05-14,6.0500,6.0500,5.9700,5.9800,6.0700,3267236,19646653.8700,-1.482700,0.378500,1,0,none,baostock,query_history_k_data_plus
,,,,,2020-05-15,6.0200,6.0300,5.9200,5.9400,5.9800,3565912,21281417.4800,-0.668900,0.413200,1,0,none,baostock,query_history_k_data_plus
,,,,,2020-05-18,5.9400,6.0000,5.9300,5.9500,5.9400,2733788,16292123.5400,0.168300,0.316700,1,0,none,baostock,query_history_k_data_plus
,,,,,2020-05-19,5.9900,6.0500,5.9900,6.0400,5.9500,3357183,20222410.3800,1.512600,0.389000,1,0,none,baostock,query_history_k_data_plus
,,,,,2020-05-20,6.0200,6.0200,5.7500,5.7800,6.0400,8510587,49757907.7500,-4.304600,0.986000,1,0,none,baostock,query_history_k_data_plus
,,,,,2020-05-21,5.7800,5.8400,5.6800,5.7000,5.7800,3872245,22272891.5500,-1.384100,0.448600,1,0,none,baostock,query_history_k_data_plus
,,,,,2020-05-22,5.6900,5.7000,5.6300,5.6600,5.7000,2964935,16796030.7500,-0.701800,0.343500,1,0,none,baostock,query_history_k_data_plus
,,,,,2020-05-25,5.6300,5.7400,5.6300,5.7300,5.6600,2100650,11973053.5000,1.236800,0.243400,1,0,none,baostock,query_history_k_data_plus
,,,,,2020-05-26,5.7400,5.8600,5.7000,5.8300,5.7300,3194501,18568121.7500,1.745200,0.370100,1,0,none,baostock,query_history_k_data_plus
,,,,,2020-05-27,5.8400,5.8600,5.7500,5.7900,5.8300,2692400,15625676.0000,-0.686100,0.311900,1,0,none,baostock,query_history_k_data_plus
,,,,,2020-05-28,5.8300,5.8400,5.7500,5.7800,5.7900,2721100,15755845.6000,-0.172700,0.315300,1,0,none,baostock,query_history_k_data_plus
,,,,,2020-05-29,5.8000,5.8400,5.7700,5.7900,5.7800,3573471,20749730.2900,0.173000,0.414000,1,0,none,baostock,query_history_k_data_plus
,,,,,2020-06-01,5.8300,5.9800,5.8100,5.9600,5.7900,5816227,34457011.5900,2.936100,0.673900,1,0,none,baostock,query_history_k_data_plus
,,,,,2020-06-02,5.9700,6.0100,5.9300,5.9900,5.9600,4764900,28477854.9700,0.503400,0.552100,1,0,none,baostock,query_history_k_data_plus
,,,,,2020-06-03,5.9900,6.0500,5.9600,5.9600,5.9900,4047786,24235490.2800,-0.500800,0.469000,1,0,none,baostock,query_history_k_data_plus
,,,,,2020-06-04,5.9600,6.0500,5.9500,6.0200,5.9600,5052430,30313709.4000,1.006700,0.585400,1,0,none,baostock,query_history_k_data_plus
,,,,,2020-06-05,6.0000,6.0400,5.9600,5.9800,6.0200,2912200,17447278.0000,-0.664500,0.337400,1,0,none,baostock,query_history_k_data_plus
,,,,,2020-06-08,5.9900,6.0000,5.9100,5.9400,5.9800,4059357,24134342.8700,-0.668900,0.470300,1,0,none,baostock,query_history_k_data_plus
,,,,,2020-06-09,5.9500,5.9800,5.9300,5.9500,5.9400,3069903,18263521.7900,0.168300,0.355700,1,0,none,baostock,query_history_k_data_plus
,,,,,2020-06-10,5.9500,5.9700,5.8600,5.8800,5.9500,3041100,17932419.9100,-1.176500,0.352300,1,0,none,baostock,query_history_k_data_plus
,,,,,2020-06-11,5.8800,5.9800,5.8400,5.8700,5.8800,3619019,21363994.2000,-0.170100,0.419300,1,0,none,baostock,query_history_k_data_plus
,,,,,2020-06-12,5.7900,5.8300,5.7000,5.7900,5.8700,3875460,22365492.0300,-1.362900,0.449000,1,0,none,baostock,query_history_k_data_plus
,,,,,2020-06-15,5.8000,6.1100,5.8000,6.0300,5.7900,11138196,66998662.2600,4.145100,1.290500,1,0,none,baostock,query_history_k_data_plus
,,,,,2020-06-16,6.0300,6.1400,6.0000,6.1200,6.0300,9294087,56410572.7800,1.492500,1.076800,1,0,none,baostock,query_history_k_data_plus
,,,,,2020-06-17,6.1000,6.2100,6.0700,6.1900,6.1200,9180273,56514625.7900,1.143800,1.063600,1,0,none,baostock,query_history_k_data_plus
,,,,,2020-06-18,6.2200,6.3000,6.1400,6.2300,6.1900,9110568,56620326.4200,0.646200,1.055600,1,0,none,baostock,query_history_k_data_plus
,,,,,2020-06-19,6.2000,6.2300,6.1000,6.1900,6.2300,9454149,58146974.1700,-0.642100,1.095400,1,0,none,baostock,query_history_k_data_plus
,,,,,2020-06-22,6.1900,6.2300,6.1500,6.1700,6.1900,5430728,33606851.3600,-0.323100,0.629200,1,0,none,baostock,query_history_k_data_plus
,,,,,2020-06-23,6.1500,6.2000,6.1100,6.1600,6.1700,3905660,23981259.9100,-0.162100,0.452500,1,0,none,baostock,query_history_k_data_plus
,,,,,2020-06-24,6.1500,6.2000,6.1000,6.1200,6.1600,4870800,29944543.0000,-0.649400,0.564300,1,0,none,baostock,query_history_k_data_plus
,,,,,2020-06-29,6.1200,6.1400,6.0100,6.0300,6.1200,4105522,24844380.4400,-1.470600,0.475700,1,0,none,baostock,query_history_k_data_plus
,,,,,2020-06-30,6.0400,6.1400,6.0300,6.1200,6.0300,5421475,33058009.4600,1.492500,0.628100,1,0,none,baostock,query_history_k_data_plus
,,,,,2020-07-01,6.1200,6.1300,6.0400,6.0800,6.1200,5464861,33188964.8800,-0.653600,0.633200,1,0,none,baostock,query_history_k_data_plus
,,,,,2020-07-02,6.0900,6.2200,6.0600,6.2000,6.0800,10875922,66861750.3000,1.973700,1.260100,1,0,none,baostock,query_history_k_data_plus
,,,,,2020-07-03,6.2000,6.3200,6.1900,6.2900,6.2000,11477077,71799770.9900,1.451600,1.329800,1,0,none,baostock,query_history_k_data_plus
,,,,,2020-07-06,6.3300,6.5800,6.3300,6.5800,6.2900,19077814,123396376.8400,4.610500,2.210400,1,0,none,baostock,query_history_k_data_plus
,,,,,2020-07-07,6.6900,6.7900,6.5500,6.5600,6.5800,19411383,129462218.8900,-0.304000,2.249000,1,0,none,baostock,query_history_k_data_plus
,,,,,2020-07-08,6.5700,6.8800,6.5400,6.8100,6.5600,16310902,109086443.4400,3.811000,1.889800,1,0,none,baostock,query_history_k_data_plus
,,,,,2020-07-09,6.8500,6.9500,6.7200,6.8700,6.8100,16234502,110841080.6300,0.881100,1.881000,1,0,none,baostock,query_history_k_data_plus
,,,,,2020-07-10,6.8700,6.9000,6.7200,6.7300,6.8700,12300955,83682750.3600,-2.037800,1.425200,1,0,none,baostock,query_history_k_data_plus
,,,,,2020-07-13,6.7200,7.0200,6.7000,7.0100,6.7300,17111411,118317716.5300,4.160500,1.982600,1,0,none,baostock,query_history_k_data_plus
,,,,,2020-07-14,7.0300,7.0700,6.8400,6.9500,7.0100,15599262,108402231.6300,-0.855900,1.807400,1,0,none,baostock,query_history_k_data_plus
,,,,,2020-07-15,6.9300,6.9500,6.6300,6.6700,6.9500,14187047,95821278.3100,-4.028800,1.643700,1,0,none,baostock,query_history_k_data_plus
,,,,,2020-07-16,6.6600,7.0400,6.5100,6.5400,6.6600,20448330,138922025.6300,-1.801800,2.369200,1,0,none,baostock,query_history_k_data_plus
,,,,,2020-07-17,6.5700,6.8500,6.5400,6.6300,6.5400,18106036,121475432.1600,1.376100,2.097800,1,0,none,baostock,query_history_k_data_plus
,,,,,2020-07-20,6.7400,7.0700,6.7400,7.0700,6.6300,24018324,167105807.8100,6.636500,2.782800,1,0,none,baostock,query_history_k_data_plus
,,,,,2020-07-21,7.1000,7.1000,6.9100,6.9600,7.0700,16194351,112865283.9500,-1.555900,1.876300,1,0,none,baostock,query_history_k_data_plus
,,,,,2020-07-22,6.9300,7.0400,6.8200,6.9000,6.9600,12907100,89444265.7300,-0.862100,1.495400,1,0,none,baostock,query_history_k_data_plus
,,,,,2020-07-23,6.8300,6.8500,6.6500,6.8400,6.9000,11447752,77389995.2400,-0.869600,1.326400,1,0,none,baostock,query_history_k_data_plus
,,,,,2020-07-24,6.7600,6.8400,6.5400,6.5500,6.8400,11862123,79153926.8600,-4.239800,1.374400,1,0,none,baostock,query_history_k_data_plus
,,,,,2020-07-27,6.5500,6.6300,6.3200,6.4100,6.5500,8217340,52955873.5300,-2.137400,0.952100,1,0,none,baostock,query_history_k_data_plus
,,,,,2020-07-28,6.4200,6.5600,6.4100,6.5100,6.4100,7938282,51501099.5500,1.560100,0.919700,1,0,none,baostock,query_history_k_data_plus
,,,,,2020-07-29,6.4900,6.6100,6.4300,6.6000,6.5100,8304465,54276069.0800,1.382500,0.962200,1,0,none,baostock,query_history_k_data_plus
,,,,,2020-07-30,6.6400,6.6900,6.5600,6.6000,6.6000,6459577,42739928.8700,0.000000,0.748400,1,0,none,baostock,query_history_k_data_plus
,,,,,2020-07-31,6.6000,6.6700,6.5400,6.6500,6.6000,6670100,44142388.0000,0.757600,0.772800,1,0,none,baostock,query_history_k_data_plus
,,,,,2020-08-03,6.6900,6.8900,6.6800,6.8800,6.6500,12009058,82064085.2700,3.458600,1.391400,1,0,none,baostock,query_history_k_data_plus
,,,,,2020-08-04,6.8900,6.9200,6.7800,6.8700,6.8800,9998491,68429874.7400,-0.145300,1.158400,1,0,none,baostock,query_history_k_data_plus
,,,,,2020-08-05,6.8800,6.9100,6.8100,6.8500,6.8700,8608984,58954440.7700,-0.291100,0.997500,1,0,none,baostock,query_history_k_data_plus
,,,,,2020-08-06,6.8100,6.8500,6.6800,6.8000,6.8500,8184074,55395212.2700,-0.729900,0.948200,1,0,none,baostock,query_history_k_data_plus
,,,,,2020-08-07,6.7900,6.8000,6.5800,6.6400,6.8000,7998892,53372575.9500,-2.352900,0.926800,1,0,none,baostock,query_history_k_data_plus
,,,,,2020-08-10,6.6400,6.8400,6.6400,6.8000,6.6400,8544000,57929546.8700,2.409600,0.989900,1,0,none,baostock,query_history_k_data_plus
,,,,,2020-08-11,6.8000,6.8400,6.5700,6.5900,6.8000,7605600,51004279.9900,-3.088200,0.881200,1,0,none,baostock,query_history_k_data_plus
,,,,,2020-08-12,6.5500,6.7000,6.5400,6.6400,6.5900,6942623,45868956.0000,0.758700,0.804400,1,0,none,baostock,query_history_k_data_plus
,,,,,2020-08-13,6.6400,6.9100,6.6100,6.8700,6.6400,15182997,103472532.1300,3.463900,1.759100,1,0,none,baostock,query_history_k_data_plus
,,,,,2020-08-14,6.8900,6.8900,6.7400,6.8700,6.8700,10083738,68866798.5500,0.000000,1.168300,1,0,none,baostock,query_history_k_data_plus
,,,,,2020-08-17,6.8900,7.0500,6.8900,6.9500,6.8700,14738999,102800456.5900,1.164500,1.707700,1,0,none,baostock,query_history_k_data_plus
,,,,,2020-08-18,6.9800,6.9900,6.9100,6.9700,6.9500,8872738,61700929.7200,0.287800,1.028000,1,0,none,baostock,query_history_k_data_plus
,,,,,2020-08-19,6.9300,7.0400,6.8700,6.8700,6.9700,13930585,96784975.7500,-1.434700,1.614000,1,0,none,baostock,query_history_k_data_plus
,,,,,2020-08-20,6.8500,6.9300,6.7900,6.8000,6.8700,9050211,61980773.2600,-1.018900,1.048600,1,0,none,baostock,query_history_k_data_plus
,,,,,2020-08-21,6.8500,6.9800,6.7900,6.8700,6.8000,9860368,67910546.4900,1.029400,1.142400,1,0,none,baostock,query_history_k_data_plus
,,,,,2020-08-24,6.9900,7.2700,6.8900,7.1600,6.8700,26754803,189591493.7300,4.221300,3.099900,1,0,none,baostock,query_history_k_data_plus
,,,,,2020-08-25,7.1100,7.4800,7.0700,7.3800,7.1600,31294088,227907609.6700,3.072600,3.625800,1,0,none,baostock,query_history_k_data_plus
,,,,,2020-08-26,7.5400,8.0800,7.4000,7.6400,7.3800,59599816,465158600.8900,3.523000,6.905300,1,0,none,baostock,query_history_k_data_plus
,,,,,2020-08-27,7.6000,7.9700,7.1800,7.8500,7.6400,44314813,336235371.6200,2.748700,5.134400,1,0,none,baostock,query_history_k_data_plus
,,,,,2020-08-28,7.7100,7.7500,7.5000,7.5900,7.8500,27601459,209892015.2700,-3.312100,3.197900,1,0,none,baostock,query_history_k_data_plus
,,,,,2020-08-31,7.5700,7.5700,7.3500,7.3500,7.5900,22288991,166311103.1300,-3.162100,2.582400,1,0,none,baostock,query_history_k_data_plus
,,,,,2020-09-01,7.3700,7.6100,7.2700,7.5500,7.3500,21520304,160239302.7100,2.721100,2.493400,1,0,none,baostock,query_history_k_data_plus
,,,,,2020-09-02,7.4800,8.3000,7.4700,8.1600,7.5500,60093079,480105389.8800,8.079500,6.962500,1,0,none,baostock,query_history_k_data_plus
,,,,,2020-09-03,8.0700,8.2900,7.8500,7.9200,8.1600,39621276,318097033.0500,-2.941200,4.590600,1,0,none,baostock,query_history_k_data_plus
,,,,,2020-09-04,7.7500,8.1300,7.7100,8.0800,7.9200,33917683,270976474.2900,2.020200,3.929800,1,0,none,baostock,query_history_k_data_plus
,,,,,2020-09-07,8.0700,8.8500,7.9600,8.3000,8.0800,56245634,469651384.5900,2.722800,6.516700,1,0,none,baostock,query_history_k_data_plus
,,,,,2020-09-08,8.3000,9.2000,8.2000,9.1500,8.3000,67692991,591447472.7200,10.241000,7.843000,1,0,none,baostock,query_history_k_data_plus
,,,,,2020-09-09,8.9200,9.7800,8.0300,8.2300,9.1500,93272443,842357063.8600,-10.054600,10.806700,1,0,none,baostock,query_history_k_data_plus
,,,,,2020-09-10,8.3100,8.3200,7.1700,7.5000,8.2300,59237967,454185356.1800,-8.870000,6.863400,1,0,none,baostock,query_history_k_data_plus
,,,,,2020-09-11,7.2300,7.7700,7.2300,7.6400,7.5000,29830761,226293033.9700,1.866700,3.456200,1,0,none,baostock,query_history_k_data_plus
,,,,,2020-09-14,7.6800,8.1700,7.6500,8.1000,7.6400,42091253,335679250.4700,6.020900,4.876800,1,0,none,baostock,query_history_k_data_plus
,,,,,2020-09-15,8.0700,8.2300,7.7800,7.8700,8.1000,28606678,226956896.6600,-2.839500,3.314400,1,0,none,baostock,query_history_k_data_plus
,,,,,2020-09-16,7.8900,7.9300,7.6100,7.7400,7.8700,20151872,155919385.2700,-1.651800,2.334800,1,0,none,baostock,query_history_k_data_plus
,,,,,2020-09-17,7.6800,7.9100,7.6100,7.8000,7.7400,18681510,145686253.3100,0.775200,2.164500,1,0,none,baostock,query_history_k_data_plus
,,,,,2020-09-18,7.7800,7.8000,7.5700,7.6900,7.8000,16881764,129347114.1300,-1.410300,1.955900,1,0,none,baostock,query_history_k_data_plus
,,,,,2020-09-21,7.6700,7.8500,7.5800,7.6600,7.6900,12330667,95168559.3200,-0.390100,1.428700,1,0,none,baostock,query_history_k_data_plus
,,,,,2020-09-22,7.5600,7.6800,7.4300,7.4500,7.6600,13815752,103961863.3300,-2.741500,1.600700,1,0,none,baostock,query_history_k_data_plus
,,,,,2020-09-23,7.5000,7.6600,7.4700,7.6400,7.4500,12010718,91085513.3500,2.550300,1.391600,1,0,none,baostock,query_history_k_data_plus
,,,,,2020-09-24,7.5700,7.5700,7.2000,7.3100,7.6400,14898540,109890761.1800,-4.319400,1.726200,1,0,none,baostock,query_history_k_data_plus
,,,,,2020-09-25,7.4000,7.4100,7.2500,7.2800,7.3100,7264201,53088401.0100,-0.410400,0.841600,1,0,none,baostock,query_history_k_data_plus
,,,,,2020-09-28,7.3100,7.3100,7.1300,7.2700,7.2800,7803087,56429378.0800,-0.137400,0.904100,1,0,none,baostock,query_history_k_data_plus
,,,,,2020-09-29,7.3300,7.4800,7.3000,7.3500,7.2700,8491175,62821968.0800,1.100400,0.983800,1,0,none,baostock,query_history_k_data_plus
,,,,,2020-09-30,7.4200,7.4600,7.2000,7.2500,7.3500,7127597,52008233.9100,-1.360500,0.825800,1,0,none,baostock,query_history_k_data_plus
,,,,,2020-10-09,7.3600,7.6200,7.3500,7.6200,7.2500,12445003,93723886.4200,5.103400,1.441900,1,0,none,baostock,query_history_k_data_plus
,,,,,2020-10-12,7.6400,7.8900,7.6200,7.8600,7.6200,18468030,143458885.0600,3.149600,2.139700,1,0,none,baostock,query_history_k_data_plus
,,,,,2020-10-13,7.8000,8.0700,7.7800,7.9900,7.8600,18082956,143867840.2000,1.653900,2.095100,1,0,none,baostock,query_history_k_data_plus
,,,,,2020-10-14,7.9700,8.0800,7.8400,7.8700,7.9900,14836738,117602075.8300,-1.501900,1.719000,1,0,none,baostock,query_history_k_data_plus
,,,,,2020-10-15,7.9000,7.9400,7.7900,7.8600,7.8700,9511044,74837629.9400,-0.127100,1.102000,1,0,none,baostock,query_history_k_data_plus
,,,,,2020-10-16,7.8400,8.0800,7.8300,8.0500,7.8600,14785118,118155330.4500,2.417300,1.713000,1,0,none,baostock,query_history_k_data_plus
,,,,,2020-10-19,8.0800,8.1400,7.8600,7.9300,8.0500,12996400,103785477.8700,-1.490700,1.505800,1,0,none,baostock,query_history_k_data_plus
,,,,,2020-10-20,7.9100,8.1500,7.8600,8.1500,7.9300,15000527,120234996.5300,2.774300,1.738000,1,0,none,baostock,query_history_k_data_plus
,,,,,2020-10-21,8.0700,8.1400,7.9000,7.9900,8.1500,11260008,90103127.5900,-1.963200,1.304600,1,0,none,baostock,query_history_k_data_plus
,,,,,2020-10-22,7.7000,7.9300,7.6300,7.8200,7.9900,13609786,106026517.0200,-2.127700,1.576900,1,0,none,baostock,query_history_k_data_plus
,,,,,2020-10-23,7.8100,7.9000,7.6000,7.6200,7.8200,10938600,84871968.0000,-2.557500,1.267400,1,0,none,baostock,query_history_k_data_plus
,,,,,2020-10-26,7.5700,7.7400,7.5100,7.6200,7.6200,8607695,65806440.8900,0.000000,0.997300,1,0,none,baostock,query_history_k_data_plus
,,,,,2020-10-27,7.6800,7.6900,7.4600,7.5900,7.6200,9096711,68953132.0300,-0.393700,1.054000,1,0,none,baostock,query_history_k_data_plus
,,,,,2020-10-28,7.5400,7.6200,7.2200,7.4000,7.5900,13833149,102298647.8100,-2.503300,1.602700,1,0,none,baostock,query_history_k_data_plus
,,,,,2020-10-29,7.2200,7.3800,7.1600,7.2500,7.4000,9542841,69493487.0700,-2.027000,1.105600,1,0,none,baostock,query_history_k_data_plus
,,,,,2020-10-30,7.4400,7.6100,6.9700,6.9800,7.2500,17494783,127575786.8100,-3.724100,2.027000,1,0,none,baostock,query_history_k_data_plus
,,,,,2020-11-02,7.0700,7.0800,6.8300,6.8900,6.9800,11804917,81678153.6600,-1.289400,1.367700,1,0,none,baostock,query_history_k_data_plus
,,,,,2020-11-03,6.9100,7.2600,6.8900,7.2300,6.8900,10580977,75315634.3800,4.934700,1.225900,1,0,none,baostock,query_history_k_data_plus
,,,,,2020-11-04,7.2400,7.2900,7.0300,7.0800,7.2300,8784032,62459019.5600,-2.074700,1.017700,1,0,none,baostock,query_history_k_data_plus
,,,,,2020-11-05,7.1200,7.3600,7.1200,7.3200,7.0800,9782773,70943963.2000,3.389800,1.133400,1,0,none,baostock,query_history_k_data_plus
,,,,,2020-11-06,7.3200,7.3700,7.1400,7.2800,7.3200,7873910,56735255.5000,-0.546400,0.912300,1,0,none,baostock,query_history_k_data_plus
,,,,,2020-11-09,7.2900,7.4400,7.2700,7.3600,7.2800,10933334,80529462.0000,1.098900,1.266800,1,0,none,baostock,query_history_k_data_plus
,,,,,2020-11-10,7.4000,7.4400,7.1800,7.2500,7.3600,9904285,72210742.5200,-1.494600,1.147500,1,0,none,baostock,query_history_k_data_plus
,,,,,2020-11-11,7.2600,7.2600,7.0800,7.1000,7.2500,8930066,63741891.6700,-2.069000,1.034700,1,0,none,baostock,query_history_k_data_plus
,,,,,2020-11-12,7.1200,7.2000,7.0200,7.1600,7.1000,7273648,51762355.5000,0.845100,0.842700,1,0,none,baostock,query_history_k_data_plus
,,,,,2020-11-13,7.1300,7.2200,7.0400,7.2000,7.1600,6728795,48004988.4500,0.558700,0.779600,1,0,none,baostock,query_history_k_data_plus
,,,,,2020-11-16,7.2200,7.2500,7.0300,7.1300,7.2000,9782095,69382825.9200,-0.972200,1.133400,1,0,none,baostock,query_history_k_data_plus
,,,,,2020-11-17,7.1000,7.1000,6.9100,6.9500,7.1300,9513185,66441848.3200,-2.524500,1.102200,1,0,none,baostock,query_history_k_data_plus
,,,,,2020-11-18,6.9100,7.0400,6.9100,6.9500,6.9500,7173161,50063856.6000,0.000000,0.831100,1,0,none,baostock,query_history_k_data_plus
,,,,,2020-11-19,6.9500,6.9800,6.8400,6.9700,6.9500,8092877,55949791.0700,0.287800,0.937700,1,0,none,baostock,query_history_k_data_plus
,,,,,2020-11-20,6.9900,7.1900,6.9800,7.1000,6.9700,13478086,95754124.7000,1.865100,1.561600,1,0,none,baostock,query_history_k_data_plus
,,,,,2020-11-23,7.0600,7.1300,7.0000,7.0800,7.1000,9401076,66352342.7200,-0.281700,1.089200,1,0,none,baostock,query_history_k_data_plus
,,,,,2020-11-24,7.0800,7.1400,7.0300,7.1000,7.0800,7835052,55433164.7200,0.282500,0.907800,1,0,none,baostock,query_history_k_data_plus
,,,,,2020-11-25,7.1100,7.1200,6.9400,6.9400,7.1000,7699000,54116942.1100,-2.253500,0.892000,1,0,none,baostock,query_history_k_data_plus
,,,,,2020-11-26,6.9300,6.9800,6.8400,6.8800,6.9400,5674400,39083590.0000,-0.864600,0.657400,1,0,none,baostock,query_history_k_data_plus
,,,,,2020-11-27,6.8800,6.9300,6.7700,6.8300,6.8800,6120631,41813368.4200,-0.726700,0.709100,1,0,none,baostock,query_history_k_data_plus
,,,,,2020-11-30,6.8300,6.9500,6.8200,6.8900,6.8300,6097633,42039869.0400,0.878500,0.706500,1,0,none,baostock,query_history_k_data_plus
,,,,,2020-12-01,6.8900,7.0300,6.8500,6.9800,6.8900,6792463,47288457.0000,1.306200,0.787000,1,0,none,baostock,query_history_k_data_plus
,,,,,2020-12-02,7.0000,7.0000,6.9000,6.9200,6.9800,6457400,44765036.0000,-0.859600,0.748200,1,0,none,baostock,query_history_k_data_plus
,,,,,2020-12-03,6.9100,6.9500,6.8400,6.8800,6.9200,6614574,45508420.4700,-0.578000,0.766400,1,0,none,baostock,query_history_k_data_plus
,,,,,2020-12-04,6.8700,6.8900,6.8100,6.8300,6.8800,5028500,34401159.0000,-0.726700,0.582600,1,0,none,baostock,query_history_k_data_plus
,,,,,2020-12-07,6.8600,6.8600,6.7000,6.7200,6.8300,5691500,38585194.0000,-1.610500,0.659400,1,0,none,baostock,query_history_k_data_plus
,,,,,2020-12-08,6.7200,6.7600,6.6300,6.6400,6.7200,5228870,34883332.4000,-1.190500,0.605800,1,0,none,baostock,query_history_k_data_plus
,,,,,2020-12-09,6.6100,6.6600,6.4100,6.4100,6.6400,7305170,47790435.6000,-3.463900,0.846400,1,0,none,baostock,query_history_k_data_plus
,,,,,2020-12-10,6.4000,6.5000,6.3600,6.4300,6.4100,4427791,28505980.0500,0.312000,0.513000,1,0,none,baostock,query_history_k_data_plus
,,,,,2020-12-11,6.4600,6.4800,6.1800,6.2600,6.4300,8089472,50789471.5700,-2.643900,0.937300,1,0,none,baostock,query_history_k_data_plus
,,,,,2020-12-14,6.2600,6.3800,6.2000,6.3300,6.2600,4223906,26649421.6800,1.118200,0.489400,1,0,none,baostock,query_history_k_data_plus
,,,,,2020-12-15,6.3200,6.3900,6.2900,6.3500,6.3300,3344412,21187234.1200,0.316000,0.387500,1,0,none,baostock,query_history_k_data_plus
,,,,,2020-12-16,6.3500,6.3500,6.2300,6.2500,6.3500,3244350,20351808.5000,-1.574800,0.375900,1,0,none,baostock,query_history_k_data_plus
,,,,,2020-12-17,6.3000,6.3500,6.0800,6.3400,6.2500,6149121,38332263.0000,1.440000,0.712400,1,0,none,baostock,query_history_k_data_plus
,,,,,2020-12-18,6.3300,6.4100,6.1900,6.2300,6.3400,6366100,40017193.0000,-1.735000,0.737600,1,0,none,baostock,query_history_k_data_plus
,,,,,2020-12-21,6.2100,6.3500,6.1600,6.3000,6.2300,6095200,38302823.1300,1.123600,0.706200,1,0,none,baostock,query_history_k_data_plus
,,,,,2020-12-22,6.2600,6.2800,6.1000,6.1200,6.3000,6480838,40114776.3200,-2.857100,0.750900,1,0,none,baostock,query_history_k_data_plus
,,,,,2020-12-23,6.1300,6.2200,6.0800,6.1100,6.1200,4769902,29282408.9900,-0.163400,0.552600,1,0,none,baostock,query_history_k_data_plus
,,,,,2020-12-24,6.0800,6.1700,5.8700,5.8900,6.1100,8047595,48025176.0000,-3.600700,0.932400,1,0,none,baostock,query_history_k_data_plus
,,,,,2020-12-25,5.8500,6.1300,5.8100,5.9900,5.8900,7988661,48082975.4600,1.697800,0.925600,1,0,none,baostock,query_history_k_data_plus
,,,,,2020-12-28,6.1300,6.3500,6.0100,6.0300,5.9900,11392452,70496515.7500,0.667800,1.319900,1,0,none,baostock,query_history_k_data_plus
,,,,,2020-12-29,6.0400,6.1700,6.0200,6.0300,6.0300,6118397,37238964.6100,0.000000,0.708900,1,0,none,baostock,query_history_k_data_plus
,,,,,2020-12-30,6.0400,6.1400,5.9900,6.0300,6.0300,5968291,36120293.0700,0.000000,0.691500,1,0,none,baostock,query_history_k_data_plus
,,,,,2020-12-31,6.0300,6.1000,6.0100,6.0500,6.0300,8165396,49396711.7700,0.331700,0.946100,1,0,none,baostock,query_history_k_data_plus
,,,,,2021-01-04,6.0700,6.1400,6.0300,6.1300,6.0500,7926363,48332528.1800,1.322300,0.918400,1,0,none,baostock,query_history_k_data_plus
,,,,,2021-01-05,6.1000,6.1700,5.9500,5.9700,6.1300,9098590,54826332.7000,-2.610100,1.054200,1,0,none,baostock,query_history_k_data_plus
,,,,,2021-01-06,5.9700,6.0100,5.8300,5.8500,5.9700,8190745,48111509.6400,-2.010100,0.949000,1,0,none,baostock,query_history_k_data_plus
,,,,,2021-01-07,5.8600,5.8800,5.5800,5.6200,5.8500,10222092,58043911.9600,-3.931600,1.184300,1,0,none,baostock,query_history_k_data_plus
,,,,,2021-01-08,5.6400,5.7700,5.4500,5.7200,5.6200,7506539,42428169.6700,1.779400,0.869700,1,0,none,baostock,query_history_k_data_plus
,,,,,2021-01-11,5.7300,5.8100,5.4800,5.5500,5.7200,7933247,44486141.1500,-2.972000,0.919200,1,0,none,baostock,query_history_k_data_plus
,,,,,2021-01-12,5.5000,5.6700,5.4900,5.5900,5.5500,6350015,35363629.3500,0.720700,0.735700,1,0,none,baostock,query_history_k_data_plus
,,,,,2021-01-13,5.5500,5.5500,5.3800,5.4600,5.5900,8257347,45077926.4400,-2.325600,0.956700,1,0,none,baostock,query_history_k_data_plus
,,,,,2021-01-14,5.4400,5.6600,5.4100,5.5500,5.4600,7011878,38998863.2600,1.648400,0.812400,1,0,none,baostock,query_history_k_data_plus
,,,,,2021-01-15,5.5400,5.8700,5.5400,5.8700,5.5500,13036807,75231207.0400,5.765800,1.510500,1,0,none,baostock,query_history_k_data_plus
,,,,,2021-01-18,5.8700,6.1000,5.7800,5.8900,5.8700,13131213,77551036.5700,0.340700,1.521400,1,0,none,baostock,query_history_k_data_plus
,,,,,2021-01-19,5.8600,6.0700,5.8200,5.9900,5.8900,8870521,52994262.0900,1.697800,1.027800,1,0,none,baostock,query_history_k_data_plus
,,,,,2021-01-20,5.9800,5.9800,5.8700,5.8900,5.9900,5698031,33684795.5000,-1.669400,0.660200,1,0,none,baostock,query_history_k_data_plus
,,,,,2021-01-21,5.8700,6.0000,5.8000,5.9400,5.8900,6960164,41187388.4900,0.848900,0.806400,1,0,none,baostock,query_history_k_data_plus
,,,,,2021-01-22,5.9400,5.9400,5.8000,5.8300,5.9400,5516537,32237653.3000,-1.851900,0.639200,1,0,none,baostock,query_history_k_data_plus
,,,,,2021-01-25,5.8000,5.8400,5.6100,5.6200,5.8300,7119654,40740826.7000,-3.602100,0.824900,1,0,none,baostock,query_history_k_data_plus
,,,,,2021-01-26,5.0600,5.3400,5.0600,5.2200,5.6200,19161421,100383308.7600,-7.117400,2.220100,1,0,none,baostock,query_history_k_data_plus
,,,,,2021-01-27,5.1700,5.4500,5.1600,5.1800,5.2200,12561291,66264096.1600,-0.766300,1.455400,1,0,none,baostock,query_history_k_data_plus
,,,,,2021-01-28,5.1700,5.4400,5.1400,5.2800,5.1800,9297539,49272294.6500,1.930500,1.077200,1,0,none,baostock,query_history_k_data_plus
,,,,,2021-01-29,5.2900,5.3200,5.0900,5.1700,5.2800,8036600,41471997.0000,-2.083300,0.931100,1,0,none,baostock,query_history_k_data_plus
,,,,,2021-02-01,5.1800,5.3100,5.1800,5.2600,5.1700,5580346,29221422.6200,1.740800,0.646500,1,0,none,baostock,query_history_k_data_plus
,,,,,2021-02-02,5.2600,5.3800,5.1800,5.2600,5.2600,5107716,26956997.0400,0.000000,0.591800,1,0,none,baostock,query_history_k_data_plus
,,,,,2021-02-03,5.2400,5.2700,5.1000,5.1100,5.2600,4727037,24386958.7000,-2.851700,0.547700,1,0,none,baostock,query_history_k_data_plus
,,,,,2021-02-04,5.0700,5.1000,4.8600,4.9200,5.1100,7360564,36493436.5400,-3.718200,0.852800,1,0,none,baostock,query_history_k_data_plus
,,,,,2021-02-05,4.9500,5.0100,4.7900,4.8000,4.9200,5175582,25414272.3200,-2.439000,0.599700,1,0,none,baostock,query_history_k_data_plus
,,,,,2021-02-08,4.8000,5.0100,4.8000,4.9800,4.8000,5016230,24792966.5300,3.750000,0.581200,1,0,none,baostock,query_history_k_data_plus
,,,,,2021-02-09,5.4800,5.6800,5.2900,5.5800,4.9800,18102938,99039136.0300,12.048200,2.097400,1,0,none,baostock,query_history_k_data_plus
,,,,,2021-02-10,5.5100,5.6700,5.4800,5.5000,5.5800,11739361,65227249.7100,-1.433700,1.360100,1,0,none,baostock,query_history_k_data_plus
,,,,,2021-02-18,5.5500,5.7500,5.5500,5.6800,5.5000,9954195,56571444.6200,3.272700,1.153300,1,0,none,baostock,query_history_k_data_plus
,,,,,2021-02-19,5.6500,5.8700,5.6500,5.8300,5.6800,8915295,51697689.0000,2.640800,1.032900,1,0,none,baostock,query_history_k_data_plus
,,,,,2021-02-22,5.8700,6.0000,5.8000,5.8500,5.8300,11906082,70443376.2300,0.343100,1.379500,1,0,none,baostock,query_history_k_data_plus
,,,,,2021-02-23,5.8200,5.9900,5.7500,5.7900,5.8500,7423793,43451396.8600,-1.025600,0.860100,1,0,none,baostock,query_history_k_data_plus
,,,,,2021-02-24,5.7900,5.9300,5.7800,5.9000,5.7900,7224585,42401051.5500,1.899800,0.837100,1,0,none,baostock,query_history_k_data_plus
,,,,,2021-02-25,5.9900,6.0300,5.7900,5.8200,5.9000,6275000,36714428.0000,-1.355900,0.727000,1,0,none,baostock,query_history_k_data_plus
,,,,,2021-02-26,5.8500,6.2200,5.7900,6.1200,5.8200,14264778,86420546.4900,5.154600,1.652700,1,0,none,baostock,query_history_k_data_plus
,,,,,2021-03-01,6.1200,6.2300,6.0500,6.1200,6.1200,9176208,56214375.7500,0.000000,1.063200,1,0,none,baostock,query_history_k_data_plus
,,,,,2021-03-02,6.1500,6.3800,6.1300,6.1900,6.1200,13564388,84508372.0200,1.143800,1.571600,1,0,none,baostock,query_history_k_data_plus
,,,,,2021-03-03,6.1900,6.2700,6.1000,6.2100,6.1900,9454860,58453694.1600,0.323100,1.095500,1,0,none,baostock,query_history_k_data_plus
,,,,,2021-03-04,6.2100,6.3300,6.1800,6.3200,6.2100,10188537,63864706.6200,1.771300,1.180500,1,0,none,baostock,query_history_k_data_plus
,,,,,2021-03-05,6.3200,6.6300,6.2300,6.5700,6.3200,19033380,123510621.1400,3.955700,2.205200,1,0,none,baostock,query_history_k_data_plus
,,,,,2021-03-08,6.6400,6.7400,6.4800,6.5700,6.5700,18727631,123818138.0900,0.000000,2.169800,1,0,none,baostock,query_history_k_data_plus
,,,,,2021-03-09,6.4800,6.6500,6.4600,6.5300,6.5700,14549944,95383882.1300,-0.608800,1.685800,1,0,none,baostock,query_history_k_data_plus
,,,,,2021-03-10,6.5000,6.7400,6.4800,6.6800,6.5300,17318839,115055159.9600,2.297100,2.006600,1,0,none,baostock,query_history_k_data_plus
,,,,,2021-03-11,6.6200,6.6800,6.4500,6.5600,6.6800,13457515,87923313.8300,-1.796400,1.559200,1,0,none,baostock,query_history_k_data_plus
,,,,,2021-03-12,6.5900,6.7700,6.5600,6.6900,6.5600,14375402,96227417.0000,1.981700,1.665600,1,0,none,baostock,query_history_k_data_plus
,,,,,2021-03-15,6.7200,6.8200,6.6400,6.8000,6.6900,11859830,79939644.6400,1.644200,1.374100,1,0,none,baostock,query_history_k_data_plus
,,,,,2021-03-16,6.8000,7.0400,6.7800,7.0000,6.8000,16199978,112912046.1600,2.941200,1.877000,1,0,none,baostock,query_history_k_data_plus
,,,,,2021-03-17,7.0200,7.0200,6.7500,6.9300,7.0000,14730071,100991985.6500,-1.000000,1.706600,1,0,none,baostock,query_history_k_data_plus
,,,,,2021-03-18,6.8900,7.1100,6.8700,6.9900,6.9300,12818124,89940182.0400,0.865800,1.485100,1,0,none,baostock,query_history_k_data_plus
,,,,,2021-03-19,7.0100,7.0700,6.9400,7.0100,6.9900,8517854,59712514.3800,0.286100,0.986900,1,0,none,baostock,query_history_k_data_plus
,,,,,2021-03-22,6.9700,7.2500,6.9700,7.2000,7.0100,15514739,110709082.6600,2.710400,1.797600,1,0,none,baostock,query_history_k_data_plus
,,,,,2021-03-23,7.2200,7.2500,7.1100,7.1800,7.2000,9229122,66241619.9200,-0.277800,1.069300,1,0,none,baostock,query_history_k_data_plus
,,,,,2021-03-24,7.1600,7.3800,7.1600,7.3600,7.1800,13559181,99266224.9200,2.507000,1.571000,1,0,none,baostock,query_history_k_data_plus
,,,,,2021-03-25,7.3500,7.4000,7.2100,7.3500,7.3600,12475000,90841891.0000,-0.135900,1.445400,1,0,none,baostock,query_history_k_data_plus
,,,,,2021-03-26,7.3100,7.5300,7.3100,7.5000,7.3500,15525895,115461858.7800,2.040800,1.798900,1,0,none,baostock,query_history_k_data_plus
,,,,,2021-03-29,7.5000,7.9500,7.4800,7.9000,7.5000,23592942,182713205.9900,5.333300,2.733500,1,0,none,baostock,query_history_k_data_plus
,,,,,2021-03-30,7.8200,7.8900,7.6600,7.7800,7.9000,19391473,150914795.5200,-1.519000,2.246700,1,0,none,baostock,query_history_k_data_plus
,,,,,2021-03-31,7.7400,7.9200,7.6900,7.8300,7.7800,13177642,102944533.0500,0.642700,1.526800,1,0,none,baostock,query_history_k_data_plus
,,,,,2021-04-01,7.8800,7.9700,7.6200,7.9300,7.8300,19157891,149614615.0900,1.277100,2.219700,1,0,none,baostock,query_history_k_data_plus
,,,,,2021-04-02,7.9000,7.9700,7.0600,7.2400,7.9300,36204971,272160729.9900,-8.701100,4.194800,1,0,none,baostock,query_history_k_data_plus
,,,,,2021-04-06,7.3100,7.6900,7.2400,7.2600,7.2400,21656467,161318321.1100,0.276200,2.509200,1,0,none,baostock,query_history_k_data_plus
,,,,,2021-04-07,7.2400,7.2500,6.9400,6.9900,7.2600,18249412,128328293.0600,-3.719000,2.114400,1,0,none,baostock,query_history_k_data_plus
,,,,,2021-04-08,7.0000,7.1800,6.7400,6.9400,6.9900,21421937,148752524.2800,-0.715300,2.482000,1,0,none,baostock,query_history_k_data_plus
,,,,,2021-04-09,6.8800,6.9600,6.7800,6.8500,6.9400,9170984,62887316.6000,-1.296800,1.062600,1,0,none,baostock,query_history_k_data_plus
,,,,,2021-04-12,6.8900,7.1100,6.8300,6.9900,6.8500,10965702,76529993.3500,2.043800,1.270500,1,0,none,baostock,query_history_k_data_plus
,,,,,2021-04-13,6.9800,6.9800,6.7000,6.7200,6.9900,8126689,55283371.9500,-3.862700,0.941600,1,0,none,baostock,query_history_k_data_plus
,,,,,2021-04-14,6.7400,6.8600,6.6800,6.7600,6.7200,5275215,35666514.5000,0.595200,0.611200,1,0,none,baostock,query_history_k_data_plus
,,,,,2021-04-15,6.8200,6.9000,6.6700,6.6800,6.7600,4602639,30945897.5300,-1.183400,0.533300,1,0,none,baostock,query_history_k_data_plus
,,,,,2021-04-16,6.7300,6.8400,6.5400,6.8000,6.6800,5162800,34991600.5600,1.796400,0.598200,1,0,none,baostock,query_history_k_data_plus
,,,,,2021-04-19,6.8400,6.9500,6.7600,6.9500,6.8000,6713343,46066186.6900,2.205900,0.777800,1,0,none,baostock,query_history_k_data_plus
,,,,,2021-04-20,6.9000,7.1700,6.9000,7.0000,6.9500,6972115,49030681.1500,0.719400,0.807800,1,0,none,baostock,query_history_k_data_plus
,,,,,2021-04-21,6.9800,7.0900,6.9200,7.0300,7.0000,4730107,33201265.0000,0.428600,0.548000,1,0,none,baostock,query_history_k_data_plus
,,,,,2021-04-22,6.9700,7.0300,6.8000,6.8200,7.0300,5722723,39499944.4000,-2.987200,0.663000,1,0,none,baostock,query_history_k_data_plus
,,,,,2021-04-23,6.8300,6.8400,6.7000,6.8300,6.8200,4127733,27848830.3500,0.146600,0.478200,1,0,none,baostock,query_history_k_data_plus
,,,,,2021-04-26,6.8200,6.8300,6.7000,6.7700,6.8300,3627158,24540131.4400,-0.878500,0.420200,1,0,none,baostock,query_history_k_data_plus
,,,,,2021-04-27,6.7200,6.9900,6.4800,6.9500,6.7700,12040726,81491751.8200,2.658800,1.395100,1,0,none,baostock,query_history_k_data_plus
,,,,,2021-04-28,6.8600,7.0200,6.7000,7.0200,6.9500,10076680,68832275.9100,1.007200,1.167500,1,0,none,baostock,query_history_k_data_plus
,,,,,2021-04-29,7.1200,7.2200,6.9900,7.1100,7.0200,9507783,67560052.2800,1.282100,1.101600,1,0,none,baostock,query_history_k_data_plus
,,,,,2021-04-30,7.2000,7.2700,7.0500,7.2400,7.1100,11085843,79748151.1500,1.828400,1.284400,1,0,none,baostock,query_history_k_data_plus
,,,,,2021-05-06,7.1800,7.3300,7.0900,7.3300,7.2400,9561032,68813747.9400,1.243100,1.107800,1,0,none,baostock,query_history_k_data_plus
,,,,,2021-05-07,7.2700,7.5200,7.2000,7.5200,7.3300,12363848,92015262.3000,2.592100,1.432500,1,0,none,baostock,query_history_k_data_plus
,,,,,2021-05-10,7.4900,7.6500,7.4300,7.5400,7.5200,7844060,59160271.1000,0.266000,0.908800,1,0,none,baostock,query_history_k_data_plus
,,,,,2021-05-11,7.5400,7.6200,7.4500,7.5400,7.5400,6164413,46433148.9400,0.000000,0.714200,1,0,none,baostock,query_history_k_data_plus
,,,,,2021-05-12,7.5300,7.6300,7.3400,7.5100,7.5400,9323015,69513900.8000,-0.397900,1.080200,1,0,none,baostock,query_history_k_data_plus
,,,,,2021-05-13,7.4700,7.5600,7.4100,7.4500,7.5100,5402422,40362000.1300,-0.798900,0.625900,1,0,none,baostock,query_history_k_data_plus
,,,,,2021-05-14,7.4200,8.0200,7.4200,7.6800,7.4500,18772686,145727544.9500,3.087200,2.175000,1,0,none,baostock,query_history_k_data_plus
,,,,,2021-05-17,7.5200,7.6500,6.9900,7.2000,7.6800,19460677,139984144.1000,-6.250000,2.254700,1,0,none,baostock,query_history_k_data_plus
,,,,,2021-05-18,7.0900,7.1500,6.9500,7.1300,7.2000,7350200,51734809.0000,-0.972200,0.851600,1,0,none,baostock,query_history_k_data_plus
,,,,,2021-05-19,7.1500,7.2500,7.0800,7.1400,7.1300,5799995,41454415.3500,0.140300,0.672000,1,0,none,baostock,query_history_k_data_plus
,,,,,2021-05-20,7.1400,7.2000,6.9600,7.0400,7.1400,5478300,38622092.0000,-1.400600,0.634700,1,0,none,baostock,query_history_k_data_plus
,,,,,2021-05-21,7.0200,7.1600,7.0200,7.1400,7.0400,4454829,31667927.4500,1.420500,0.516100,1,0,none,baostock,query_history_k_data_plus
,,,,,2021-05-24,7.1500,7.2200,7.0600,7.0700,7.1400,3777207,26894393.4900,-0.980400,0.437600,1,0,none,baostock,query_history_k_data_plus
,,,,,2021-05-25,7.1400,7.2300,7.0400,7.1400,7.0700,5185974,37009553.0200,0.990100,0.600900,1,0,none,baostock,query_history_k_data_plus
,,,,,2021-05-26,7.1500,7.2000,7.0800,7.1600,7.1400,4273431,30496820.0300,0.280100,0.495100,1,0,none,baostock,query_history_k_data_plus
,,,,,2021-05-27,7.1400,7.2200,7.1100,7.1500,7.1600,4104830,29418300.6900,-0.139700,0.475600,1,0,none,baostock,query_history_k_data_plus
,,,,,2021-05-28,7.1500,7.2000,7.0800,7.1000,7.1500,2978300,21280080.0000,-0.699300,0.345100,1,0,none,baostock,query_history_k_data_plus
,,,,,2021-05-31,7.0800,7.1000,6.9700,6.9900,7.1000,4696523,32855212.4400,-1.549300,0.544100,1,0,none,baostock,query_history_k_data_plus
,,,,,2021-06-01,7.0200,7.1100,7.0200,7.0800,6.9900,2771264,19580384.4800,1.287600,0.321100,1,0,none,baostock,query_history_k_data_plus
,,,,,2021-06-02,7.0400,7.8600,7.0400,7.4400,7.0800,17568384,131901660.1100,5.084700,2.035500,1,0,none,baostock,query_history_k_data_plus
,,,,,2021-06-03,7.4300,7.5100,7.3500,7.4500,7.4400,7780965,57681760.8600,0.134400,0.901500,1,0,none,baostock,query_history_k_data_plus
,,,,,2021-06-04,7.4000,7.5500,7.3000,7.4900,7.4500,6306642,46768004.2900,0.536900,0.730700,1,0,none,baostock,query_history_k_data_plus
,,,,,2021-06-07,7.5000,8.0200,7.5000,8.0100,7.4900,25399162,201035398.5300,6.942600,2.942800,1,0,none,baostock,query_history_k_data_plus
,,,,,2021-06-08,8.0100,8.1900,7.9200,8.0300,8.0100,17837798,143493687.5100,0.249700,2.066700,1,0,none,baostock,query_history_k_data_plus
,,,,,2021-06-09,8.0400,8.0900,7.8600,7.9300,8.0300,12446158,99283639.0300,-1.245300,1.442000,1,0,none,baostock,query_history_k_data_plus
,,,,,2021-06-10,7.9700,7.9800,7.8200,7.9700,7.9300,9067022,71659966.2800,0.504400,1.050500,1,0,none,baostock,query_history_k_data_plus
,,,,,2021-06-11,7.9700,8.5900,7.8900,8.4100,7.9700,31625094,261964131.3100,5.520700,3.664100,1,0,none,baostock,query_history_k_data_plus
,,,,,2021-06-15,8.6500,8.9000,8.3100,8.4700,8.4100,29774478,254890717.3100,0.713400,3.449700,1,0,none,baostock,query_history_k_data_plus
,,,,,2021-06-16,8.3900,9.2500,8.3500,9.1200,8.4700,40804982,364976824.6000,7.674100,4.727700,1,0,none,baostock,query_history_k_data_plus
,,,,,2021-06-17,8.9500,9.3200,8.8200,9.2800,9.1200,26951752,246481541.6600,1.754400,3.122700,1,0,none,baostock,query_history_k_data_plus
,,,,,2021-06-18,9.1300,9.5600,9.1300,9.3600,9.2800,23545400,219255244.2900,0.862100,2.728000,1,0,none,baostock,query_history_k_data_plus
,,,,,2021-06-21,9.3500,9.7500,9.2300,9.4300,9.3600,18797782,178647967.3600,0.747900,2.177900,1,0,none,baostock,query_history_k_data_plus
,,,,,2021-06-22,9.3400,9.5400,8.8000,8.9000,9.4300,32314735,291730768.1900,-5.620400,3.744000,1,0,none,baostock,query_history_k_data_plus
,,,,,2021-06-23,8.9200,9.6300,8.8200,9.4600,8.9000,27908575,258549049.5300,6.292100,3.233500,1,0,none,baostock,query_history_k_data_plus
,,,,,2021-06-24,9.4600,9.5000,9.1400,9.3200,9.4600,19677210,183462154.5000,-1.479900,2.279800,1,0,none,baostock,query_history_k_data_plus
,,,,,2021-06-25,9.3100,9.4000,9.0700,9.1400,9.3200,15452123,142300487.1400,-1.931300,1.790300,1,0,none,baostock,query_history_k_data_plus
,,,,,2021-06-28,9.1400,9.2100,8.9600,9.1000,9.1400,12671144,114988961.7700,-0.437600,1.468100,1,0,none,baostock,query_history_k_data_plus
,,,,,2021-06-29,9.1100,9.5500,8.9600,9.1700,9.1000,18033678,167182528.3800,0.769200,2.089400,1,0,none,baostock,query_history_k_data_plus
,,,,,2021-06-30,9.1000,9.2400,8.9000,9.1800,9.1700,15572386,141673223.1700,0.109100,1.804200,1,0,none,baostock,query_history_k_data_plus
,,,,,2021-07-01,9.1000,9.7400,9.0100,9.3600,9.1800,26270765,249400377.4300,1.960800,3.043800,1,0,none,baostock,query_history_k_data_plus
,,,,,2021-07-02,9.3600,9.9900,9.3100,9.3100,9.3600,29687187,284143480.6000,-0.534200,3.439600,1,0,none,baostock,query_history_k_data_plus
,,,,,2021-07-05,9.5200,10.5900,9.3400,10.5000,9.3100,50244658,506556191.1400,12.782000,5.821400,1,0,none,baostock,query_history_k_data_plus
,,,,,2021-07-06,10.5800,11.0600,10.2200,10.5100,10.5000,38894408,412414343.6700,0.095200,4.506400,1,0,none,baostock,query_history_k_data_plus
,,,,,2021-07-07,10.4400,10.9500,10.3200,10.8800,10.5100,27671690,295995577.0500,3.520500,3.206100,1,0,none,baostock,query_history_k_data_plus
,,,,,2021-07-08,10.8400,11.1000,10.7300,10.8500,10.8800,21053126,228984903.4100,-0.275700,2.439200,1,0,none,baostock,query_history_k_data_plus
,,,,,2021-07-09,10.7300,10.8800,10.1200,10.5000,10.8400,33009661,344457472.2500,-3.136500,3.824600,1,0,none,baostock,query_history_k_data_plus
,,,,,2021-07-12,10.6000,11.1100,10.2000,10.8500,10.5000,32236687,344804276.8400,3.333300,3.735000,1,0,none,baostock,query_history_k_data_plus
,,,,,2021-07-13,10.8600,12.5100,10.7000,12.4400,10.8500,45400234,539732955.8400,14.654400,5.260100,1,0,none,baostock,query_history_k_data_plus
,,,,,2021-07-14,12.1200,12.2500,11.2000,11.5800,12.4400,37688504,438504786.7600,-6.913200,4.366600,1,0,none,baostock,query_history_k_data_plus
,,,,,2021-07-15,11.5300,11.7800,11.2000,11.3500,11.5800,18745300,213528676.0000,-1.986200,2.171900,1,0,none,baostock,query_history_k_data_plus
,,,,,2021-07-16,11.3100,11.9300,11.3100,11.7000,11.3500,22121148,259035424.4900,3.083700,2.563000,1,0,none,baostock,query_history_k_data_plus
,,,,,2021-07-19,11.7300,12.0000,11.3500,11.7100,11.7000,25441725,297040646.4200,0.085500,2.947700,1,0,none,baostock,query_history_k_data_plus
,,,,,2021-07-20,11.5800,12.0800,11.5600,11.9700,11.7100,18689634,222301181.5800,2.220300,2.165400,1,0,none,baostock,query_history_k_data_plus
,,,,,2021-07-21,12.0300,13.4100,12.0000,13.2200,11.9700,42044049,544737848.9000,10.442800,4.871300,1,0,none,baostock,query_history_k_data_plus
,,,,,2021-07-22,13.1000,13.3100,12.6000,12.9200,13.2200,24419285,315238789.5300,-2.269300,2.829300,1,0,none,baostock,query_history_k_data_plus
,,,,,2021-07-23,13.0000,13.5100,12.7300,12.9100,12.9200,23055735,301236802.8100,-0.077400,2.671300,1,0,none,baostock,query_history_k_data_plus
,,,,,2021-07-26,12.9800,13.2400,12.5800,13.0800,12.9100,22699604,294040791.1600,1.316800,2.630000,1,0,none,baostock,query_history_k_data_plus
,,,,,2021-07-27,13.0300,13.1100,12.5100,12.7100,13.0800,20469079,262233160.0400,-2.828700,2.371600,1,0,none,baostock,query_history_k_data_plus
,,,,,2021-07-28,12.6000,12.6700,10.1700,11.2800,12.7100,36943404,416213001.0600,-11.251000,4.280300,1,0,none,baostock,query_history_k_data_plus
,,,,,2021-07-29,11.5900,11.7500,10.7100,10.9800,11.2800,35114324,392293125.5900,-2.659600,4.068400,1,0,none,baostock,query_history_k_data_plus
,,,,,2021-07-30,11.0000,11.0500,10.2100,10.5600,10.9800,32109089,339345254.0400,-3.825100,3.720200,1,0,none,baostock,query_history_k_data_plus
,,,,,2021-08-02,10.6700,11.6000,10.5100,11.2500,10.5600,39390453,439645793.7800,6.534100,4.563800,1,0,none,baostock,query_history_k_data_plus
,,,,,2021-08-03,10.9800,11.1000,10.5500,10.7200,11.2500,23401224,253218223.5000,-4.711100,2.711300,1,0,none,baostock,query_history_k_data_plus
,,,,,2021-08-04,10.5400,11.2200,10.5200,11.1000,10.7200,22915429,251799135.8000,3.544800,2.655000,1,0,none,baostock,query_history_k_data_plus
,,,,,2021-08-05,11.1000,11.7900,11.0000,11.2800,11.1000,27464950,314217877.1800,1.621600,3.182100,1,0,none,baostock,query_history_k_data_plus
,,,,,2021-08-06,11.2700,11.8400,11.1300,11.4700,11.2800,30780094,353595468.2900,1.684400,3.566200,1,0,none,baostock,query_history_k_data_plus
,,,,,2021-08-09,11.4500,11.5000,10.6500,10.8000,11.4700,30188201,327905086.4700,-5.841300,3.497700,1,0,none,baostock,query_history_k_data_plus
,,,,,2021-08-10,10.7300,11.0200,10.5400,10.7400,10.8000,18933698,204193416.3800,-0.555600,2.193700,1,0,none,baostock,query_history_k_data_plus
,,,,,2021-08-11,10.7200,11.7200,10.5700,11.4900,10.7400,36044952,405918701.0300,6.983200,4.176200,1,0,none,baostock,query_history_k_data_plus
,,,,,2021-08-12,11.4700,12.9700,11.4700,12.7100,11.4900,45678203,566201944.8200,10.617900,5.292300,1,0,none,baostock,query_history_k_data_plus
,,,,,2021-08-13,13.0100,13.2800,12.5600,12.7500,12.7100,28005256,358182022.0300,0.314700,3.244700,1,0,none,baostock,query_history_k_data_plus
,,,,,2021-08-16,12.8300,12.8900,12.0800,12.5800,12.7500,25785941,321843818.4400,-1.333300,2.987600,1,0,none,baostock,query_history_k_data_plus
,,,,,2021-08-17,12.6200,12.9800,11.8500,12.0000,12.5800,24108977,297576186.4900,-4.610500,2.793300,1,0,none,baostock,query_history_k_data_plus
,,,,,2021-08-18,11.8800,12.2000,11.6100,11.8500,12.0000,22844390,271103613.4400,-1.250000,2.646800,1,0,none,baostock,query_history_k_data_plus
,,,,,2021-08-19,12.0000,12.1200,11.4400,12.0000,11.8500,20598271,243243664.1500,1.265800,2.386500,1,0,none,baostock,query_history_k_data_plus
,,,,,2021-08-20,11.5300,11.7400,11.1700,11.4400,12.0000,26447077,303279638.8300,-4.666700,3.064200,1,0,none,baostock,query_history_k_data_plus
,,,,,2021-08-23,11.4900,12.4100,11.4400,12.2800,11.4400,31763033,386940998.0700,7.342700,3.680100,1,0,none,baostock,query_history_k_data_plus
,,,,,2021-08-24,12.2800,12.6700,11.9200,12.1700,12.2800,22798818,278732189.9000,-0.895800,2.641500,1,0,none,baostock,query_history_k_data_plus
,,,,,2021-08-25,12.2000,12.4700,11.9200,12.0000,12.1700,16934291,205552101.2200,-1.396900,1.962000,1,0,none,baostock,query_history_k_data_plus
,,,,,2021-08-26,12.0500,12.3500,11.9000,11.9700,12.0000,17406353,210498775.0300,-0.250000,2.016700,1,0,none,baostock,query_history_k_data_plus
,,,,,2021-08-27,11.9000,12.2500,11.8600,12.0600,11.9700,15977181,192484092.5900,0.751900,1.851100,1,0,none,baostock,query_history_k_data_plus
,,,,,2021-08-30,12.1000,12.8000,12.1000,12.2700,12.0600,27468203,341465503.5900,1.741300,3.182500,1,0,none,baostock,query_history_k_data_plus
,,,,,2021-08-31,12.3200,12.7800,12.3200,12.7400,12.2700,31959882,404439457.7800,3.830500,3.702900,1,0,none,baostock,query_history_k_data_plus
,,,,,2021-09-01,12.7500,12.7600,11.8200,11.9700,12.7400,32314300,396056292.8600,-6.044000,3.744000,1,0,none,baostock,query_history_k_data_plus
,,,,,2021-09-02,11.7000,12.7400,11.5500,12.7000,11.9700,31087241,382720950.4100,6.098600,3.601800,1,0,none,baostock,query_history_k_data_plus
,,,,,2021-09-03,12.7400,14.3700,12.7300,14.0000,12.7000,58628378,812542023.1700,10.236200,6.792800,1,0,none,baostock,query_history_k_data_plus
,,,,,2021-09-06,14.1100,14.6800,13.8000,14.6500,14.0000,44424433,635684031.5300,4.642900,5.147100,1,0,none,baostock,query_history_k_data_plus
,,,,,2021-09-07,14.0000,15.3200,14.0000,15.0700,14.6500,36923120,550575552.0400,2.866900,4.278000,1,0,none,baostock,query_history_k_data_plus
,,,,,2021-09-08,14.9500,15.2500,14.6600,14.8000,15.0700,31414564,469483408.5700,-1.791600,3.639700,1,0,none,baostock,query_history_k_data_plus
,,,,,2021-09-09,14.8000,15.0600,14.4000,14.9900,14.8000,24925681,370092101.6100,1.283800,2.887900,1,0,none,baostock,query_history_k_data_plus
,,,,,2021-09-10,14.8000,15.7100,14.8000,15.2800,14.9900,27146568,415271760.5700,1.934600,3.145200,1,0,none,baostock,query_history_k_data_plus
,,,,,2021-09-13,15.9000,18.3400,15.9000,18.3400,15.2800,73287370,1288681117.3600,20.026200,8.491200,1,0,none,baostock,query_history_k_data_plus
,,,,,2021-09-14,18.0100,20.1000,18.0100,19.5000,18.3400,69203584,1336022446.3700,6.325000,8.018000,1,0,none,baostock,query_history_k_data_plus
,,,,,2021-09-15,20.3800,20.4000,18.6600,19.3300,19.5000,47808999,919268716.8800,-0.871800,5.539200,1,0,none,baostock,query_history_k_data_plus
,,,,,2021-09-16,19.7800,20.1900,18.8800,18.9500,19.3300,38078435,742404888.6500,-1.965900,4.411800,1,0,none,baostock,query_history_k_data_plus
,,,,,2021-09-17,19.1300,19.2900,17.2600,18.0000,18.9500,48209572,873785624.5100,-5.013200,5.585600,1,0,none,baostock,query_history_k_data_plus
,,,,,2021-09-22,18.5200,18.5400,16.0300,16.4800,18.0000,60624608,1013692434.0300,-8.444400,7.024100,1,0,none,baostock,query_history_k_data_plus
,,,,,2021-09-23,16.5300,16.7000,15.2900,15.5600,16.4800,53380908,835666840.0700,-5.582500,6.184800,1,0,none,baostock,query_history_k_data_plus
,,,,,2021-09-24,15.4800,15.5900,14.6700,14.8000,15.5600,40188279,606393572.2200,-4.884300,4.656300,1,0,none,baostock,query_history_k_data_plus
,,,,,2021-09-27,14.3200,14.8500,13.1200,13.2800,14.8000,45914834,630277683.0300,-10.270300,5.319800,1,0,none,baostock,query_history_k_data_plus
,,,,,2021-09-28,13.5500,13.6200,13.1000,13.2200,13.2800,25081338,333663873.7200,-0.451800,2.906000,1,0,none,baostock,query_history_k_data_plus
,,,,,2021-09-29,13.2000,13.2900,12.5100,12.5800,13.2200,27860050,357449550.8400,-4.841100,3.227900,1,0,none,baostock,query_history_k_data_plus
,,,,,2021-09-30,12.6100,13.4700,12.6000,13.2500,12.5800,27535356,363486600.3400,5.325900,3.190300,1,0,none,baostock,query_history_k_data_plus
,,,,,2021-10-08,13.4500,13.7800,12.8000,12.9300,13.2500,22458323,296462775.1000,-2.415100,2.602100,1,0,none,baostock,query_history_k_data_plus
,,,,,2021-10-11,12.9700,13.0500,12.4400,12.6700,12.9300,18307301,232372353.7600,-2.010800,2.121100,1,0,none,baostock,query_history_k_data_plus
,,,,,2021-10-12,12.5200,12.8900,12.0100,12.1400,12.6700,23979342,296290903.4100,-4.183100,2.778300,1,0,none,baostock,query_history_k_data_plus
,,,,,2021-10-13,12.1400,12.2100,11.7500,11.9300,12.1400,18233683,217145680.8800,-1.729800,2.112600,1,0,none,baostock,query_history_k_data_plus
,,,,,2021-10-14,11.9400,12.0200,11.5800,11.9000,11.9300,16643390,196865234.8400,-0.251500,1.928300,1,0,none,baostock,query_history_k_data_plus
,,,,,2021-10-15,11.9100,11.9600,11.5800,11.6600,11.9000,16658430,195365351.8800,-2.016800,1.930100,1,0,none,baostock,query_history_k_data_plus
,,,,,2021-10-18,11.6800,12.2400,11.6700,12.2000,11.6600,22360301,269331543.5100,4.631200,2.590700,1,0,none,baostock,query_history_k_data_plus
,,,,,2021-10-19,12.0500,12.3600,11.9200,12.1300,12.2000,17157567,208006429.0000,-0.573800,1.987900,1,0,none,baostock,query_history_k_data_plus
,,,,,2021-10-20,12.2000,12.8100,11.9500,12.5000,12.1300,24995604,311387938.5300,3.050300,2.896000,1,0,none,baostock,query_history_k_data_plus
,,,,,2021-10-21,12.3800,12.9800,12.2200,12.8800,12.5000,25956263,328443484.8100,3.040000,3.007300,1,0,none,baostock,query_history_k_data_plus
,,,,,2021-10-22,12.8000,12.8000,12.0600,12.1000,12.8800,27309476,338800137.7100,-6.055900,3.164100,1,0,none,baostock,query_history_k_data_plus
,,,,,2021-10-25,12.0000,12.6300,11.8300,12.5300,12.1000,19165838,238770052.1400,3.553700,2.220600,1,0,none,baostock,query_history_k_data_plus
,,,,,2021-10-26,12.5500,12.9300,12.2300,12.4900,12.5300,22318016,281099302.0400,-0.319200,2.585800,1,0,none,baostock,query_history_k_data_plus
,,,,,2021-10-27,12.6000,12.8400,12.1100,12.1900,12.4900,14698763,181761966.3200,-2.401900,1.703000,1,0,none,baostock,query_history_k_data_plus
,,,,,2021-10-28,12.2300,12.4300,11.6800,11.8500,12.1900,17254851,205549753.1500,-2.789200,1.999200,1,0,none,baostock,query_history_k_data_plus
,,,,,2021-10-29,11.8400,12.1100,11.7100,11.9100,11.8500,11239554,133752802.8200,0.506300,1.302200,1,0,none,baostock,query_history_k_data_plus
,,,,,2021-11-01,11.6100,12.0400,11.6100,11.8600,11.9100,12675745,150515748.5100,-0.419800,1.468600,1,0,none,baostock,query_history_k_data_plus
,,,,,2021-11-02,11.8300,11.9400,11.0700,11.2800,11.8600,22381134,256043925.2500,-4.890400,2.593100,1,0,none,baostock,query_history_k_data_plus
,,,,,2021-11-03,11.2000,11.4500,11.1200,11.4400,11.2800,11655069,131640873.0100,1.418400,1.350400,1,0,none,baostock,query_history_k_data_plus
,,,,,2021-11-04,11.3800,11.5600,11.2700,11.3300,11.4400,8289910,94177467.0000,-0.961500,0.960500,1,0,none,baostock,query_history_k_data_plus
,,,,,2021-11-05,11.3500,11.3500,10.8600,10.8600,11.3300,19393723,214768231.9500,-4.148300,2.247000,1,0,none,baostock,query_history_k_data_plus
,,,,,2021-11-08,10.9200,12.9400,10.9200,12.7700,10.8600,41295055,499045879.0000,17.587500,4.784500,1,0,none,baostock,query_history_k_data_plus
,,,,,2021-11-09,13.0000,13.2200,12.4800,12.7200,12.7700,36005592,459972422.2500,-0.391500,4.171700,1,0,none,baostock,query_history_k_data_plus
,,,,,2021-11-10,12.5000,12.5500,12.1100,12.4300,12.7200,20228545,249461419.0300,-2.279900,2.343700,1,0,none,baostock,query_history_k_data_plus
,,,,,2021-11-11,12.5300,13.9500,12.5200,13.4300,12.4300,45555896,605851680.2500,8.045100,5.278200,1,0,none,baostock,query_history_k_data_plus
,,,,,2021-11-12,13.4500,13.5500,13.0400,13.4500,13.4300,22931559,304275000.6300,0.148900,2.656900,1,0,none,baostock,query_history_k_data_plus
,,,,,2021-11-15,13.4100,14.4100,13.1000,14.3200,13.4500,38139146,530409632.3700,6.468400,4.418900,1,0,none,baostock,query_history_k_data_plus
,,,,,2021-11-16,14.3000,14.6100,14.0500,14.6100,14.3200,26620119,380670810.3700,2.025100,3.084200,1,0,none,baostock,query_history_k_data_plus
,,,,,2021-11-17,14.5700,14.8200,14.2500,14.5600,14.6100,21701007,315584115.2700,-0.342200,2.514300,1,0,none,baostock,query_history_k_data_plus
,,,,,2021-11-18,14.4100,14.6900,13.8400,14.1300,14.5600,25828479,369067233.1400,-2.953300,2.992500,1,0,none,baostock,query_history_k_data_plus
,,,,,2021-11-19,14.1200,14.2000,13.7100,13.8000,14.1300,21461017,298327032.5200,-2.335500,2.486500,1,0,none,baostock,query_history_k_data_plus
,,,,,2021-11-22,13.7800,14.5800,13.6100,14.5700,13.8000,27863805,398214308.3100,5.579700,3.228300,1,0,none,baostock,query_history_k_data_plus
,,,,,2021-11-23,14.4500,14.6800,14.3100,14.3200,14.5700,16386007,236546527.4200,-1.715900,1.898500,1,0,none,baostock,query_history_k_data_plus
,,,,,2021-11-24,14.3200,14.5700,14.1600,14.3900,14.3200,12829659,184198591.9100,0.488800,1.486500,1,0,none,baostock,query_history_k_data_plus
,,,,,2021-11-25,14.3200,14.3800,13.8500,13.8500,14.3900,14830831,207901941.5200,-3.752600,1.718300,1,0,none,baostock,query_history_k_data_plus
,,,,,2021-11-26,13.8600,15.1400,13.7600,14.6700,13.8500,34605731,509060409.3700,5.920600,4.009500,1,0,none,baostock,query_history_k_data_plus
,,,,,2021-11-29,14.4000,15.2200,14.1000,14.9800,14.6700,27768307,411311770.3600,2.113200,3.217300,1,0,none,baostock,query_history_k_data_plus
,,,,,2021-11-30,14.9500,15.4800,14.7500,14.8100,14.9800,25412344,382417470.2500,-1.134800,2.944300,1,0,none,baostock,query_history_k_data_plus
,,,,,2021-12-01,14.9300,15.3500,14.5600,15.1700,14.8100,19878153,299325120.8000,2.430800,2.303100,1,0,none,baostock,query_history_k_data_plus
,,,,,2021-12-02,15.0500,15.5100,14.8500,15.0800,15.1700,18912654,286337815.2700,-0.593300,2.191200,1,0,none,baostock,query_history_k_data_plus
,,,,,2021-12-03,14.9500,15.1000,14.7100,14.9800,15.0800,12496165,186409131.9800,-0.663100,1.447800,1,0,none,baostock,query_history_k_data_plus
,,,,,2021-12-06,14.9000,14.9000,13.9400,13.9700,14.9800,20724783,297588656.4800,-6.742300,2.401200,1,0,none,baostock,query_history_k_data_plus
,,,,,2021-12-07,14.2000,14.4800,13.0000,13.6000,13.9700,23200081,314377224.8900,-2.648500,2.688000,1,0,none,baostock,query_history_k_data_plus
,,,,,2021-12-08,13.5900,13.7500,13.4200,13.6100,13.6000,11365535,154190869.0600,0.073500,1.316800,1,0,none,baostock,query_history_k_data_plus
,,,,,2021-12-09,13.5200,13.7600,13.2300,13.3000,13.6100,13261783,178364392.7600,-2.277700,1.536500,1,0,none,baostock,query_history_k_data_plus
,,,,,2021-12-10,13.3000,13.9500,13.2000,13.6900,13.3000,15675721,214110665.8800,2.932300,1.816200,1,0,none,baostock,query_history_k_data_plus
,,,,,2021-12-13,13.6000,13.9400,13.1700,13.3300,13.6900,17929164,239631911.1100,-2.629700,2.077300,1,0,none,baostock,query_history_k_data_plus
,,,,,2021-12-14,13.2400,13.3500,13.0000,13.2800,13.3300,11465904,151160548.5600,-0.375100,1.328500,1,0,none,baostock,query_history_k_data_plus
,,,,,2021-12-15,13.2800,13.4100,13.0900,13.1700,13.2800,9648929,127783960.0300,-0.828300,1.117900,1,0,none,baostock,query_history_k_data_plus
,,,,,2021-12-16,13.1600,13.6000,13.1600,13.3600,13.1700,11517259,153884191.5800,1.442700,1.334400,1,0,none,baostock,query_history_k_data_plus
,,,,,2021-12-17,13.3400,13.9500,13.2500,13.7300,13.3600,20499335,280859556.9700,2.769500,2.375100,1,0,none,baostock,query_history_k_data_plus
,,,,,2021-12-20,13.6800,13.8800,12.9300,12.9700,13.7300,16427182,217806712.3600,-5.535300,1.903300,1,0,none,baostock,query_history_k_data_plus
,,,,,2021-12-21,12.9300,13.1800,12.9000,13.1400,12.9700,7352001,96204341.1700,1.310700,0.851800,1,0,none,baostock,query_history_k_data_plus
,,,,,2021-12-22,13.1500,13.2400,12.9000,13.1400,13.1400,7552299,98727162.0800,0.000000,0.875000,1,0,none,baostock,query_history_k_data_plus
,,,,,2021-12-23,13.1000,13.1700,12.9600,12.9800,13.1400,6401711,83342898.0000,-1.217700,0.741700,1,0,none,baostock,query_history_k_data_plus
,,,,,2021-12-24,12.9800,13.0400,12.2600,12.2700,12.9800,15213423,190631222.5100,-5.470000,1.762700,1,0,none,baostock,query_history_k_data_plus
,,,,,2021-12-27,12.3100,13.4300,12.3000,12.8800,12.2700,17626752,228637503.9700,4.971500,2.042300,1,0,none,baostock,query_history_k_data_plus
,,,,,2021-12-28,12.8800,13.3000,12.7000,13.2400,12.8800,12575502,164490002.3900,2.795000,1.457000,1,0,none,baostock,query_history_k_data_plus
,,,,,2021-12-29,13.1100,13.2300,12.8500,12.8600,13.2400,9759430,126713822.4900,-2.870100,1.130700,1,0,none,baostock,query_history_k_data_plus
,,,,,2021-12-30,12.8000,12.9600,12.6900,12.7800,12.8600,8224090,105328890.8100,-0.622100,0.952900,1,0,none,baostock,query_history_k_data_plus
,,,,,2021-12-31,12.7100,13.1400,12.6400,13.0200,12.7800,11994090,154396684.2700,1.877900,1.389700,1,0,none,baostock,query_history_k_data_plus
,,,,,2022-01-04,13.0200,13.0200,12.7600,12.8200,13.0200,9721485,125113853.2900,-1.536100,1.126300,1,0,none,baostock,query_history_k_data_plus
,,,,,2022-01-05,12.7700,13.0900,12.6700,12.7500,12.8200,9858638,126856921.9200,-0.546000,1.142200,1,0,none,baostock,query_history_k_data_plus
,,,,,2022-01-06,12.7500,13.1800,12.3300,12.9100,12.7500,12248335,155450074.6900,1.254900,1.419100,1,0,none,baostock,query_history_k_data_plus
,,,,,2022-01-07,13.1800,13.2100,12.6600,12.7000,12.9100,9887806,127610940.1500,-1.626600,1.145600,1,0,none,baostock,query_history_k_data_plus
,,,,,2022-01-10,12.6400,12.7000,12.3300,12.5000,12.7000,6609176,82626495.0400,-1.574800,0.765700,1,0,none,baostock,query_history_k_data_plus
,,,,,2022-01-11,12.5300,12.9800,12.4900,12.6600,12.5000,8161933,104401966.8900,1.280000,0.945700,1,0,none,baostock,query_history_k_data_plus
,,,,,2022-01-12,12.8000,12.9200,12.6800,12.8700,12.6600,6688163,85681881.1500,1.658800,0.774900,1,0,none,baostock,query_history_k_data_plus
,,,,,2022-01-13,12.8400,12.9500,12.4500,12.4600,12.8700,8367052,106268084.4800,-3.185700,0.969400,1,0,none,baostock,query_history_k_data_plus
,,,,,2022-01-14,12.4200,12.6500,12.3000,12.4600,12.4600,5222531,65291675.2800,0.000000,0.605100,1,0,none,baostock,query_history_k_data_plus
,,,,,2022-01-17,12.4600,12.6700,12.3800,12.5200,12.4600,6687004,83578508.3600,0.481500,0.774800,1,0,none,baostock,query_history_k_data_plus
,,,,,2022-01-18,12.4200,12.5900,12.1300,12.2000,12.5200,8570370,105681351.2200,-2.555900,0.993000,1,0,none,baostock,query_history_k_data_plus
,,,,,2022-01-19,12.0800,12.2400,11.8200,12.0600,12.2000,10559090,126716195.5000,-1.147500,1.223400,1,0,none,baostock,query_history_k_data_plus
,,,,,2022-01-20,12.0000,12.0900,11.4300,11.4600,12.0600,9469070,110256912.4400,-4.975100,1.097100,1,0,none,baostock,query_history_k_data_plus
,,,,,2022-01-21,11.5100,11.9700,11.2600,11.3600,11.4600,10821501,125418713.5000,-0.872600,1.253800,1,0,none,baostock,query_history_k_data_plus
,,,,,2022-01-24,11.3600,11.6400,11.0000,11.4700,11.3600,13441175,151539767.3600,0.968300,1.557300,1,0,none,baostock,query_history_k_data_plus
,,,,,2022-01-25,11.3500,11.4300,10.9000,10.9000,11.4700,10884167,120553155.7900,-4.969500,1.261100,1,0,none,baostock,query_history_k_data_plus
,,,,,2022-01-26,10.9000,11.2300,10.8400,10.9500,10.9000,8393475,92583929.8700,0.458700,0.972500,1,0,none,baostock,query_history_k_data_plus
,,,,,2022-01-27,11.0100,11.0400,10.5500,10.5900,10.9500,6661670,71898058.5100,-3.287700,0.771800,1,0,none,baostock,query_history_k_data_plus
,,,,,2022-01-28,10.8300,11.4900,10.4300,11.3400,10.5900,17730170,196143086.1600,7.082200,2.054200,1,0,none,baostock,query_history_k_data_plus
,,,,,2022-02-07,11.5700,11.8400,11.2100,11.6100,11.3400,14668384,168603444.9700,2.381000,1.699500,1,0,none,baostock,query_history_k_data_plus
,,,,,2022-02-08,11.6200,11.8500,11.5000,11.8100,11.6100,12603890,147725875.9600,1.722700,1.460300,1,0,none,baostock,query_history_k_data_plus
,,,,,2022-02-09,11.8300,11.8400,11.6300,11.7700,11.8100,10566974,124016419.3700,-0.338700,1.224300,1,0,none,baostock,query_history_k_data_plus
,,,,,2022-02-10,11.8600,12.2000,11.6700,11.7200,11.7700,10881204,129236571.2100,-0.424800,1.260700,1,0,none,baostock,query_history_k_data_plus
,,,,,2022-02-11,11.6000,12.0800,11.5500,11.8700,11.7200,10776943,128043791.7200,1.279900,1.248600,1,0,none,baostock,query_history_k_data_plus
,,,,,2022-02-14,11.6800,11.8500,11.5300,11.6100,11.8700,5979592,69765526.6300,-2.190400,0.692800,1,0,none,baostock,query_history_k_data_plus
,,,,,2022-02-15,11.6100,11.6900,11.4000,11.5500,11.6100,5159824,59431772.1400,-0.516800,0.597800,1,0,none,baostock,query_history_k_data_plus
,,,,,2022-02-16,11.5800,12.0700,11.5800,11.9000,11.5500,7305877,86776761.1500,3.030300,0.846500,1,0,none,baostock,query_history_k_data_plus
,,,,,2022-02-17,11.9200,12.5500,11.8100,12.2000,11.9000,16663251,204316728.2900,2.521000,1.930600,1,0,none,baostock,query_history_k_data_plus
,,,,,2022-02-18,12.1300,12.1800,11.9800,12.1100,12.2000,8702659,105204004.3800,-0.737700,1.008300,1,0,none,baostock,query_history_k_data_plus
,,,,,2022-02-21,12.0700,12.3400,12.0600,12.2900,12.1100,7488673,91945510.9200,1.486400,0.867600,1,0,none,baostock,query_history_k_data_plus
,,,,,2022-02-22,12.2400,12.4800,12.1100,12.2000,12.2900,8388461,102639124.4600,-0.732300,0.971900,1,0,none,baostock,query_history_k_data_plus
,,,,,2022-02-23,12.2000,12.4200,12.1500,12.4200,12.2000,8387018,103178422.2400,1.803300,0.971700,1,0,none,baostock,query_history_k_data_plus
,,,,,2022-02-24,12.3200,12.6500,11.6900,11.8800,12.4200,16923493,204738869.1500,-4.347800,1.960800,1,0,none,baostock,query_history_k_data_plus
,,,,,2022-02-25,11.9900,12.4000,11.9800,12.1300,11.8800,10368204,126497322.2500,2.104400,1.201300,1,0,none,baostock,query_history_k_data_plus
,,,,,2022-02-28,12.1900,12.2800,11.8900,12.2100,12.1300,8351095,100965078.0000,0.659500,0.967600,1,0,none,baostock,query_history_k_data_plus
,,,,,2022-03-01,12.2100,12.4500,12.0700,12.3400,12.2100,8025507,98932640.0000,1.064700,0.929800,1,0,none,baostock,query_history_k_data_plus
,,,,,2022-03-02,12.3300,12.4000,12.1500,12.3400,12.3400,8105013,99576927.0000,0.000000,0.939100,1,0,none,baostock,query_history_k_data_plus
,,,,,2022-03-03,12.3500,12.7700,12.3000,12.4800,12.3400,12405771,155516077.0000,1.134500,1.437400,1,0,none,baostock,query_history_k_data_plus
,,,,,2022-03-04,12.3500,12.3800,12.0800,12.1300,12.4800,8432000,102937185.0000,-2.804500,0.976900,1,0,none,baostock,query_history_k_data_plus
,,,,,2022-03-07,12.1500,12.2900,11.7900,11.8300,12.1300,8756700,104813110.0000,-2.473200,1.014600,1,0,none,baostock,query_history_k_data_plus
,,,,,2022-03-08,11.9800,11.9800,11.4100,11.4500,11.8300,9927886,115351077.0000,-3.212200,1.150300,1,0,none,baostock,query_history_k_data_plus
,,,,,2022-03-09,11.5400,11.8700,10.7400,11.2100,11.4500,16962972,191900093.0000,-2.096100,1.965400,1,0,none,baostock,query_history_k_data_plus
,,,,,2022-03-10,11.5000,11.9500,11.5000,11.8400,11.2100,13981053,164999152.0000,5.620000,1.619900,1,0,none,baostock,query_history_k_data_plus
,,,,,2022-03-11,11.7300,11.7600,11.2000,11.6100,11.8400,10348804,118630302.0000,-1.942600,1.199000,1,0,none,baostock,query_history_k_data_plus
,,,,,2022-03-14,11.5600,11.5600,11.0200,11.0200,11.6100,11626462,130577135.0000,-5.081800,1.347100,1,0,none,baostock,query_history_k_data_plus
,,,,,2022-03-15,11.0300,11.4700,10.6300,10.6500,11.0200,14032530,153799949.0000,-3.357500,1.625800,1,0,none,baostock,query_history_k_data_plus
,,,,,2022-03-16,10.8800,11.1100,10.4200,11.0500,10.6500,12941124,140203365.0000,3.755900,1.499400,1,0,none,baostock,query_history_k_data_plus
,,,,,2022-03-17,11.3000,11.4100,11.1500,11.2700,11.0500,9089281,102461734.0000,1.991000,1.053100,1,0,none,baostock,query_history_k_data_plus
,,,,,2022-03-18,11.3000,11.4100,11.1400,11.3600,11.2700,8133413,91987533.2600,0.798600,0.942300,1,0,none,baostock,query_history_k_data_plus
,,,,,2022-03-21,11.3500,11.5000,11.2100,11.3900,11.3600,5776168,65679211.2200,0.264100,0.669200,1,0,none,baostock,query_history_k_data_plus
,,,,,2022-03-22,11.3100,11.5000,11.2100,11.2800,11.3900,6214736,70334197.2500,-0.965800,0.720000,1,0,none,baostock,query_history_k_data_plus
,,,,,2022-03-23,11.2400,11.3500,11.2000,11.2800,11.2800,3597097,40539270.1300,0.000000,0.416800,1,0,none,baostock,query_history_k_data_plus
,,,,,2022-03-24,11.2500,11.2500,11.0000,11.0500,11.2800,6738502,74705938.0300,-2.039000,0.780700,1,0,none,baostock,query_history_k_data_plus
,,,,,2022-03-25,11.0800,11.5300,11.0800,11.1400,11.0500,10857559,122617361.9800,0.814500,1.258000,1,0,none,baostock,query_history_k_data_plus
,,,,,2022-03-28,11.0700,11.1000,10.6100,10.8300,11.1400,9501176,102856879.4000,-2.782800,1.100800,1,0,none,baostock,query_history_k_data_plus
,,,,,2022-03-29,10.8900,10.9700,10.5500,10.6400,10.8300,7414684,79431405.1600,-1.754400,0.859100,1,0,none,baostock,query_history_k_data_plus
,,,,,2022-03-30,10.7000,10.9100,10.6600,10.7500,10.6400,5469485,58922614.0500,1.033800,0.633700,1,0,none,baostock,query_history_k_data_plus
,,,,,2022-03-31,10.7300,10.7700,10.5300,10.5700,10.7500,5518600,58653613.0000,-1.674400,0.639400,1,0,none,baostock,query_history_k_data_plus
,,,,,2022-04-01,10.5000,10.7000,10.3300,10.5000,10.5700,5550965,58448407.3700,-0.662300,0.643100,1,0,none,baostock,query_history_k_data_plus
,,,,,2022-04-06,10.5100,11.3400,10.4400,11.2800,10.5000,12946440,142613973.8800,7.428600,1.500000,1,0,none,baostock,query_history_k_data_plus
,,,,,2022-04-07,11.2500,11.2700,10.9500,11.0200,11.2800,8602433,95613403.6600,-2.305000,0.996700,1,0,none,baostock,query_history_k_data_plus
,,,,,2022-04-08,10.9100,11.1900,10.8200,10.8400,11.0200,6631219,72463144.5600,-1.633400,0.768300,1,0,none,baostock,query_history_k_data_plus
,,,,,2022-04-11,10.8100,10.8900,10.3100,10.3300,10.8400,10000845,105200745.5200,-4.704800,1.158700,1,0,none,baostock,query_history_k_data_plus
,,,,,2022-04-12,10.4100,10.5300,10.1100,10.3800,10.3300,7233879,74424051.2200,0.484000,0.838100,1,0,none,baostock,query_history_k_data_plus
,,,,,2022-04-13,10.3200,10.3200,9.8100,9.9100,10.3800,9243846,92533186.5500,-4.527900,1.071000,1,0,none,baostock,query_history_k_data_plus
,,,,,2022-04-14,9.9500,10.2000,9.8600,9.9000,9.9100,6553128,65670717.4600,-0.100900,0.759300,1,0,none,baostock,query_history_k_data_plus
,,,,,2022-04-15,9.8500,9.8600,9.4100,9.4900,9.9000,8583240,82059095.1100,-4.141400,0.994500,1,0,none,baostock,query_history_k_data_plus
,,,,,2022-04-18,9.7500,9.8900,9.4000,9.5600,9.4900,7943136,76577652.9300,0.737600,0.920300,1,0,none,baostock,query_history_k_data_plus
,,,,,2022-04-19,9.5500,9.8000,9.5200,9.6700,9.5600,5178304,49985731.5600,1.150600,0.600000,1,0,none,baostock,query_history_k_data_plus
,,,,,2022-04-20,9.6000,9.8100,9.4400,9.4600,9.6700,5431692,52134686.3300,-2.171700,0.629300,1,0,none,baostock,query_history_k_data_plus
,,,,,2022-04-21,9.4600,9.5400,8.8100,8.8900,9.4600,10376792,94540728.9500,-6.025400,1.202300,1,0,none,baostock,query_history_k_data_plus
,,,,,2022-04-22,8.8200,9.0500,8.6600,8.9100,8.8900,6073180,53745276.4700,0.225000,0.703600,1,0,none,baostock,query_history_k_data_plus
,,,,,2022-04-25,8.8000,8.8000,8.0300,8.1100,8.9100,10794651,90545846.7800,-8.978700,1.250700,1,0,none,baostock,query_history_k_data_plus
,,,,,2022-04-26,8.1100,8.5800,8.1000,8.1500,8.1100,12176767,101480992.7000,0.493200,1.410800,1,0,none,baostock,query_history_k_data_plus
,,,,,2022-04-27,8.0000,8.4800,7.8400,8.4300,8.1500,12025528,98277863.7500,3.435600,1.393300,1,0,none,baostock,query_history_k_data_plus
,,,,,2022-04-28,8.2600,8.3400,7.8300,8.0200,8.4300,10078697,81396812.3900,-4.863600,1.167700,1,0,none,baostock,query_history_k_data_plus
,,,,,2022-04-29,8.0600,8.5000,8.0600,8.4000,8.0200,10201661,85641128.9600,4.738200,1.182000,1,0,none,baostock,query_history_k_data_plus
,,,,,2022-05-05,8.5000,8.5000,8.3000,8.3600,8.4000,6388898,53675040.4200,-0.476200,0.740200,1,0,none,baostock,query_history_k_data_plus
,,,,,2022-05-06,8.1800,8.2000,8.0000,8.0400,8.3600,8053700,65099083.4500,-3.827800,0.933100,1,0,none,baostock,query_history_k_data_plus
,,,,,2022-05-09,8.1300,8.2800,8.0100,8.1800,8.0400,7180503,58731116.5800,1.741300,0.831900,1,0,none,baostock,query_history_k_data_plus
,,,,,2022-05-10,8.1300,8.2800,8.0200,8.2400,8.1800,6736743,55137675.6500,0.733500,0.780500,1,0,none,baostock,query_history_k_data_plus
,,,,,2022-05-11,8.2700,8.5600,8.2500,8.3000,8.2400,9522743,80064076.7700,0.728200,1.103300,1,0,none,baostock,query_history_k_data_plus
,,,,,2022-05-12,8.3100,8.7100,8.2400,8.4300,8.3000,10221537,85945774.3600,1.566300,1.184300,1,0,none,baostock,query_history_k_data_plus
,,,,,2022-05-13,8.4100,8.4600,8.3200,8.4100,8.4300,6251815,52411351.5800,-0.237200,0.724300,1,0,none,baostock,query_history_k_data_plus
,,,,,2022-05-16,8.4400,8.4700,8.2000,8.3300,8.4100,5938024,49399665.5100,-0.951200,0.688000,1,0,none,baostock,query_history_k_data_plus
,,,,,2022-05-17,8.4100,8.4300,8.0500,8.3300,8.3300,8805091,72217929.2700,0.000000,1.415700,1,0,none,baostock,query_history_k_data_plus
,,,,,2022-05-18,8.3500,8.6800,8.2800,8.5800,8.3300,10817364,92337888.4900,3.001200,1.739200,1,0,none,baostock,query_history_k_data_plus
,,,,,2022-05-19,8.4000,8.5900,8.3800,8.5800,8.5800,6243054,53075996.4700,0.000000,1.003700,1,0,none,baostock,query_history_k_data_plus
,,,,,2022-05-20,8.6300,8.7700,8.5900,8.6900,8.5800,5680348,49333713.2000,1.282100,0.913300,1,0,none,baostock,query_history_k_data_plus
,,,,,2022-05-23,8.7300,9.0500,8.6600,9.0000,8.6900,8892687,79381919.3400,3.567300,1.429700,1,0,none,baostock,query_history_k_data_plus
,,,,,2022-05-24,8.9500,9.0300,8.4800,8.4800,9.0000,8757181,76432586.3800,-5.777800,1.408000,1,0,none,baostock,query_history_k_data_plus
,,,,,2022-05-25,8.4900,8.6700,8.4900,8.6500,8.4800,4388200,37749132.0800,2.004700,0.705500,1,0,none,baostock,query_history_k_data_plus
,,,,,2022-05-26,8.6400,8.7000,8.4600,8.6200,8.6500,3932814,33839762.2000,-0.346800,0.632300,1,0,none,baostock,query_history_k_data_plus
,,,,,2022-05-27,8.6600,8.7500,8.4700,8.5800,8.6200,4230622,36433842.7600,-0.464000,0.680200,1,0,none,baostock,query_history_k_data_plus
,,,,,2022-05-30,8.5300,8.7200,8.4900,8.5800,8.5800,5082000,43699035.0000,0.000000,0.817100,1,0,none,baostock,query_history_k_data_plus
,,,,,2022-05-31,8.6000,8.7000,8.4100,8.6800,8.5800,5424219,46588155.7300,1.165500,0.872100,1,0,none,baostock,query_history_k_data_plus
,,,,,2022-06-01,8.6600,8.7600,8.5200,8.6500,8.6800,4964800,42916796.0000,-0.345600,0.798200,1,0,none,baostock,query_history_k_data_plus
,,,,,2022-06-02,8.6200,8.7100,8.5000,8.6800,8.6500,5595600,48107515.0000,0.346800,0.899600,1,0,none,baostock,query_history_k_data_plus
,,,,,2022-06-06,8.7100,9.0000,8.6700,8.9200,8.6800,8201548,72858302.5800,2.765000,1.318600,1,0,none,baostock,query_history_k_data_plus
,,,,,2022-06-07,8.9400,8.9700,8.7000,8.7900,8.9200,6974158,61319861.4300,-1.457400,1.121300,1,0,none,baostock,query_history_k_data_plus
,,,,,2022-06-08,8.7800,9.4900,8.7300,9.1300,8.7600,15683472,142985557.5300,4.223700,2.521600,1,0,none,baostock,query_history_k_data_plus
,,,,,2022-06-09,9.1000,9.1200,8.7300,8.8100,9.1300,10419533,92438089.1800,-3.504900,1.675200,1,0,none,baostock,query_history_k_data_plus
,,,,,2022-06-10,8.7100,8.8400,8.6700,8.8100,8.8100,9391428,82308630.8100,0.000000,1.509900,1,0,none,baostock,query_history_k_data_plus
,,,,,2022-06-13,8.7800,9.1400,8.6900,8.9800,8.8100,10234365,91426164.2800,1.929600,1.645500,1,0,none,baostock,query_history_k_data_plus
,,,,,2022-06-14,8.9100,9.1300,8.6500,9.0800,8.9800,9071553,80575504.0800,1.113600,1.458500,1,0,none,baostock,query_history_k_data_plus
,,,,,2022-06-15,9.1000,9.1300,8.9500,8.9500,9.0800,8508962,76870658.8500,-1.431700,1.368100,1,0,none,baostock,query_history_k_data_plus
,,,,,2022-06-16,9.0100,9.0500,8.8000,8.8200,8.9500,6499487,57890432.1700,-1.452500,1.045000,1,0,none,baostock,query_history_k_data_plus
,,,,,2022-06-17,8.8700,9.0700,8.7800,9.0300,8.8200,8445200,75877131.4700,2.381000,1.357800,1,0,none,baostock,query_history_k_data_plus
,,,,,2022-06-20,9.0400,9.8800,9.0300,9.6000,9.0300,20486937,195891533.3500,6.312300,3.293800,1,0,none,baostock,query_history_k_data_plus
,,,,,2022-06-21,9.6100,9.7700,9.3000,9.4000,9.6000,11790212,111839803.7400,-2.083300,1.895600,1,0,none,baostock,query_history_k_data_plus
,,,,,2022-06-22,9.4100,9.4500,9.2000,9.2000,9.4000,6372939,59142702.0900,-2.127700,1.024600,1,0,none,baostock,query_history_k_data_plus
,,,,,2022-06-23,9.2000,9.3300,9.1300,9.3300,9.2000,6476759,59930502.6700,1.413000,1.041300,1,0,none,baostock,query_history_k_data_plus
,,,,,2022-06-24,9.2500,9.6900,9.2500,9.6400,9.3300,9706775,92846871.0600,3.322600,1.560600,1,0,none,baostock,query_history_k_data_plus
,,,,,2022-06-27,9.5700,9.6900,9.4500,9.5900,9.6400,6899630,66110778.4300,-0.518700,1.109300,1,0,none,baostock,query_history_k_data_plus
,,,,,2022-06-28,9.5400,9.8000,9.5400,9.6400,9.5900,5830637,56253467.8700,0.521400,0.937400,1,0,none,baostock,query_history_k_data_plus
,,,,,2022-06-29,9.6400,9.6400,9.3700,9.3700,9.6400,6278611,59452420.2700,-2.800800,1.009500,1,0,none,baostock,query_history_k_data_plus
,,,,,2022-06-30,9.4400,9.4800,9.3200,9.3600,9.3700,4420919,41472126.7100,-0.106700,0.710800,1,0,none,baostock,query_history_k_data_plus
,,,,,2022-07-01,9.4300,9.4800,9.3500,9.4500,9.3600,4495459,42315267.6800,0.961500,0.722800,1,0,none,baostock,query_history_k_data_plus
,,,,,2022-07-04,9.4900,9.7500,9.2600,9.5900,9.4500,5817880,55677466.2600,1.481500,0.935400,1,0,none,baostock,query_history_k_data_plus
,,,,,2022-07-05,9.6400,10.1100,9.5500,9.8800,9.5900,12528627,123098735.9700,3.024000,2.014300,1,0,none,baostock,query_history_k_data_plus
,,,,,2022-07-06,9.8800,9.8800,9.6200,9.8500,9.8800,8708411,84654707.7200,-0.303600,1.400100,1,0,none,baostock,query_history_k_data_plus
,,,,,2022-07-07,9.8500,10.2100,9.7300,10.0500,9.8500,10720160,107746366.6700,2.030500,1.723600,1,0,none,baostock,query_history_k_data_plus
,,,,,2022-07-08,10.0900,10.1500,9.9100,9.9700,10.0500,6109379,61036021.4000,-0.796000,0.982300,1,0,none,baostock,query_history_k_data_plus
,,,,,2022-07-11,9.9000,9.9600,9.5500,9.8200,9.9700,8006349,77657682.2000,-1.504500,1.287200,1,0,none,baostock,query_history_k_data_plus
,,,,,2022-07-12,9.7000,9.7200,9.3200,9.6300,9.8200,7360990,69856515.7600,-1.934800,1.183500,1,0,none,baostock,query_history_k_data_plus
,,,,,2022-07-13,9.5200,9.7200,9.3900,9.6600,9.6300,6103632,58420981.0500,0.311500,0.981300,1,0,none,baostock,query_history_k_data_plus
,,,,,2022-07-14,9.6200,9.6700,9.5000,9.5400,9.6600,3851606,36861217.2600,-1.242200,0.619300,1,0,none,baostock,query_history_k_data_plus
,,,,,2022-07-15,9.5500,9.6900,9.3100,9.5100,9.5400,6517779,61849788.5500,-0.314500,1.047900,1,0,none,baostock,query_history_k_data_plus
,,,,,2022-07-18,9.5300,10.2100,9.5200,9.9400,9.5100,10747492,107367841.4200,4.521600,1.728000,1,0,none,baostock,query_history_k_data_plus
,,,,,2022-07-19,9.9900,10.1000,9.8900,10.0000,9.9400,5779860,57842834.6700,0.603600,0.929300,1,0,none,baostock,query_history_k_data_plus
,,,,,2022-07-20,10.0000,10.1500,9.9800,10.1000,10.0000,6404200,64483935.9000,1.000000,1.029700,1,0,none,baostock,query_history_k_data_plus
,,,,,2022-07-21,10.0800,10.3500,10.0300,10.1000,10.1000,6402465,65096783.0900,0.000000,1.029400,1,0,none,baostock,query_history_k_data_plus
,,,,,2022-07-22,10.1000,10.4400,10.0400,10.2400,10.1000,9113704,93582274.9900,1.386100,1.465300,1,0,none,baostock,query_history_k_data_plus
,,,,,2022-07-25,10.2500,10.4000,9.9900,10.0000,10.2400,9472503,96405241.8500,-2.343800,1.523000,1,0,none,baostock,query_history_k_data_plus
,,,,,2022-07-26,10.0700,10.2700,9.8400,10.2600,10.0000,7212387,73018263.3200,2.600000,1.159600,1,0,none,baostock,query_history_k_data_plus
,,,,,2022-07-27,10.2500,10.3000,10.1100,10.1800,10.2600,5563092,56570106.5700,-0.779700,0.894400,1,0,none,baostock,query_history_k_data_plus
,,,,,2022-07-28,10.2000,10.3500,10.1700,10.2200,10.1800,5670400,58077641.0000,0.392900,0.911700,1,0,none,baostock,query_history_k_data_plus
,,,,,2022-07-29,10.2200,10.3300,10.0500,10.1500,10.2200,4242036,43356633.9600,-0.684900,0.682000,1,0,none,baostock,query_history_k_data_plus
,,,,,2022-08-01,10.2000,10.3800,10.1000,10.3200,10.1500,5934740,60936095.1900,1.674900,0.954200,1,0,none,baostock,query_history_k_data_plus
,,,,,2022-08-02,10.2000,10.2500,9.6000,9.9600,10.3200,11758870,115949247.1700,-3.488400,1.890600,1,0,none,baostock,query_history_k_data_plus
,,,,,2022-08-03,9.7900,10.1800,9.6500,9.7500,9.9600,8183174,81477944.0500,-2.108400,1.315700,1,0,none,baostock,query_history_k_data_plus
,,,,,2022-08-04,9.8400,9.9000,9.5200,9.7700,9.7500,4942814,47977308.7700,0.205100,0.794700,1,0,none,baostock,query_history_k_data_plus
,,,,,2022-08-05,9.8000,10.1900,9.7900,10.0000,9.7700,5244536,52338312.1400,2.354100,0.843200,1,0,none,baostock,query_history_k_data_plus
,,,,,2022-08-08,9.9900,10.2000,9.9400,10.1800,10.0000,5300106,53645656.9700,1.800000,0.852100,1,0,none,baostock,query_history_k_data_plus
,,,,,2022-08-09,10.2000,10.3900,10.1200,10.2800,10.1800,6256228,64205569.4400,0.982300,1.005900,1,0,none,baostock,query_history_k_data_plus
,,,,,2022-08-10,10.3400,10.3900,10.2000,10.2300,10.2800,4091731,41882547.8700,-0.486400,0.657900,1,0,none,baostock,query_history_k_data_plus
,,,,,2022-08-11,10.2200,10.3100,10.2000,10.2600,10.2300,3753870,38494374.3800,0.293300,0.603500,1,0,none,baostock,query_history_k_data_plus
,,,,,2022-08-12,10.2600,10.3500,10.1700,10.1700,10.2600,3640725,37380027.2500,-0.877200,0.585300,1,0,none,baostock,query_history_k_data_plus
,,,,,2022-08-15,10.1000,10.3000,10.0700,10.2500,10.1700,3983287,40715457.8800,0.786600,0.640400,1,0,none,baostock,query_history_k_data_plus
,,,,,2022-08-16,10.2800,10.3800,10.1500,10.2500,10.2500,6033645,61940653.9300,0.000000,0.970100,1,0,none,baostock,query_history_k_data_plus
,,,,,2022-08-17,10.2600,10.3200,10.1600,10.2300,10.2500,4826343,49243673.2400,-0.195100,0.776000,1,0,none,baostock,query_history_k_data_plus
,,,,,2022-08-18,10.2300,10.2600,10.1200,10.2400,10.2300,4802260,48923509.8500,0.097800,0.772100,1,0,none,baostock,query_history_k_data_plus
,,,,,2022-08-19,10.2200,10.2400,10.0700,10.1000,10.2400,3711409,37667034.9800,-1.367200,0.596700,1,0,none,baostock,query_history_k_data_plus
,,,,,2022-08-22,9.9700,10.0600,9.7800,10.0600,10.1000,5912024,58735591.7000,-0.396000,0.950500,1,0,none,baostock,query_history_k_data_plus
,,,,,2022-08-23,10.0600,10.2300,9.8500,9.9500,10.0600,5137988,51207135.8000,-1.093400,0.826100,1,0,none,baostock,query_history_k_data_plus
,,,,,2022-08-24,9.8900,10.0100,9.3900,9.5000,9.9500,8383535,80583711.7000,-4.522600,1.347900,1,0,none,baostock,query_history_k_data_plus
,,,,,2022-08-25,9.5100,9.5500,9.2200,9.3700,9.5000,5167334,48314986.4500,-1.368400,0.830800,1,0,none,baostock,query_history_k_data_plus
,,,,,2022-08-26,9.3700,9.5300,9.2200,9.4400,9.3700,4354118,40903663.2800,0.747100,0.700000,1,0,none,baostock,query_history_k_data_plus
,,,,,2022-08-29,9.3900,9.3900,9.0600,9.2500,9.4400,2994925,27670075.0200,-2.012700,0.481500,1,0,none,baostock,query_history_k_data_plus
,,,,,2022-08-30,9.2700,9.3400,9.0600,9.1600,9.2500,2839421,26026010.6200,-0.973000,0.456500,1,0,none,baostock,query_history_k_data_plus
,,,,,2022-08-31,9.1600,9.2400,8.8100,8.9000,9.1600,5095202,45583229.5200,-2.838400,0.819200,1,0,none,baostock,query_history_k_data_plus
,,,,,2022-09-01,8.9800,8.9900,8.7000,8.7100,8.9000,3583778,31516041.3800,-2.134800,0.576200,1,0,none,baostock,query_history_k_data_plus
,,,,,2022-09-02,8.7900,8.9500,8.7500,8.8700,8.7100,3549835,31532973.5200,1.837000,0.570700,1,0,none,baostock,query_history_k_data_plus
,,,,,2022-09-05,8.8700,8.9600,8.8300,8.9000,8.8700,2663329,23736376.9100,0.338200,0.428200,1,0,none,baostock,query_history_k_data_plus
,,,,,2022-09-06,8.9500,9.0400,8.9200,9.0300,8.9000,3043607,27406513.2100,1.460700,0.489300,1,0,none,baostock,query_history_k_data_plus
,,,,,2022-09-07,9.0400,9.1400,8.9500,9.0500,9.0300,2948289,26707666.6700,0.221500,0.474000,1,0,none,baostock,query_history_k_data_plus
,,,,,2022-09-08,9.0500,9.1000,8.8900,8.8900,9.0500,2351598,21091004.2200,-1.768000,0.378100,1,0,none,baostock,query_history_k_data_plus
,,,,,2022-09-09,8.9900,8.9900,8.7400,8.9600,8.8900,2611600,23145735.0000,0.787400,0.419900,1,0,none,baostock,query_history_k_data_plus
,,,,,2022-09-13,8.9800,9.0000,8.7200,8.7300,8.9600,4360398,38431293.5200,-2.567000,0.701100,1,0,none,baostock,query_history_k_data_plus
,,,,,2022-09-14,8.6100,8.6600,8.3700,8.5000,8.7300,5161088,43855923.4000,-2.634600,0.829800,1,0,none,baostock,query_history_k_data_plus
,,,,,2022-09-15,8.4900,8.5600,8.1300,8.2500,8.5000,3950686,32775167.9000,-2.941200,0.635200,1,0,none,baostock,query_history_k_data_plus
,,,,,2022-09-16,8.2500,8.2500,8.0700,8.0900,8.2500,3408204,27778026.4700,-1.939400,0.548000,1,0,none,baostock,query_history_k_data_plus
,,,,,2022-09-19,8.1500,8.1500,7.9800,7.9800,8.0900,3000088,24084417.0800,-1.359700,0.482300,1,0,none,baostock,query_history_k_data_plus
,,,,,2022-09-20,8.0200,8.4000,8.0200,8.3600,7.9800,5537701,45734478.1300,4.761900,0.890300,1,0,none,baostock,query_history_k_data_plus
,,,,,2022-09-21,8.3600,8.4100,8.2500,8.3500,8.3600,2725994,22700432.0800,-0.119600,0.438300,1,0,none,baostock,query_history_k_data_plus
,,,,,2022-09-22,8.3500,8.3600,8.2500,8.2500,8.3500,2285734,18965908.8600,-1.197600,0.367500,1,0,none,baostock,query_history_k_data_plus
,,,,,2022-09-23,8.2900,8.3100,8.0600,8.1500,8.2500,3026073,24735832.5700,-1.212100,0.486500,1,0,none,baostock,query_history_k_data_plus
,,,,,2022-09-26,8.1900,8.1900,7.9500,7.9600,8.1500,3123508,25077766.0000,-2.331300,0.502200,1,0,none,baostock,query_history_k_data_plus
,,,,,2022-09-27,7.9600,8.1100,7.9600,8.0700,7.9600,2703765,21756199.5500,1.381900,0.434700,1,0,none,baostock,query_history_k_data_plus
,,,,,2022-09-28,8.0800,8.0800,7.8700,7.8800,8.0700,3074343,24360487.1600,-2.354400,0.494300,1,0,none,baostock,query_history_k_data_plus
,,,,,2022-09-29,7.9000,8.0100,7.7700,7.7800,7.8800,2759986,21736232.0400,-1.269000,0.443700,1,0,none,baostock,query_history_k_data_plus
,,,,,2022-09-30,8.0300,8.1600,7.7700,7.8900,7.7800,4933577,39210759.8500,1.413900,0.793200,1,0,none,baostock,query_history_k_data_plus
,,,,,2022-10-10,7.8900,8.0800,7.7800,7.9000,7.8900,4148539,32952451.5800,0.126700,0.667000,1,0,none,baostock,query_history_k_data_plus
,,,,,2022-10-11,7.9600,7.9900,7.7600,7.8700,7.9000,2645576,20762919.3200,-0.379700,0.425300,1,0,none,baostock,query_history_k_data_plus
,,,,,2022-10-12,7.8700,8.0700,7.7200,8.0300,7.8700,3570028,28185703.5700,2.033000,0.574000,1,0,none,baostock,query_history_k_data_plus
,,,,,2022-10-13,8.0500,8.1600,7.8500,8.1200,8.0300,6497223,52298195.5300,1.120800,1.044600,1,0,none,baostock,query_history_k_data_plus
,,,,,2022-10-14,8.1500,8.2600,8.1300,8.1800,8.1200,4177826,34273768.7100,0.738900,0.671700,1,0,none,baostock,query_history_k_data_plus
,,,,,2022-10-17,8.1200,8.4400,8.1200,8.3800,8.1800,5161485,42902394.4500,2.445000,0.829900,1,0,none,baostock,query_history_k_data_plus
,,,,,2022-10-18,8.3800,8.4100,8.3100,8.3400,8.3800,2890380,24148076.5300,-0.477300,0.464700,1,0,none,baostock,query_history_k_data_plus
,,,,,2022-10-19,8.3300,8.3800,8.2500,8.3400,8.3400,2881760,23981391.0000,0.000000,0.463300,1,0,none,baostock,query_history_k_data_plus
,,,,,2022-10-20,8.3700,8.3900,8.1900,8.2000,8.3400,2850060,23507806.4400,-1.678700,0.458200,1,0,none,baostock,query_history_k_data_plus
,,,,,2022-10-21,8.2500,8.2800,8.1600,8.1600,8.2000,2056412,16865408.9200,-0.487800,0.330600,1,0,none,baostock,query_history_k_data_plus
,,,,,2022-10-24,8.2000,8.3200,7.9800,8.0300,8.1600,4963088,40448040.9900,-1.593100,0.798000,1,0,none,baostock,query_history_k_data_plus
,,,,,2022-10-25,8.0600,8.0700,7.8600,7.9900,8.0300,3568800,28371654.0000,-0.498100,0.573800,1,0,none,baostock,query_history_k_data_plus
,,,,,2022-10-26,7.9800,8.3400,7.9800,8.3100,7.9900,5262023,43306610.6400,4.005000,0.846000,1,0,none,baostock,query_history_k_data_plus
,,,,,2022-10-27,8.3000,8.4300,8.2600,8.2700,8.3100,2719939,22611887.7000,-0.481300,0.437300,1,0,none,baostock,query_history_k_data_plus
,,,,,2022-10-28,8.2500,8.2800,7.9200,7.9600,8.2700,4505972,36295670.6000,-3.748500,0.724500,1,0,none,baostock,query_history_k_data_plus
,,,,,2022-10-31,7.9200,8.1300,7.8800,7.9600,7.9600,2588567,20639939.3600,0.000000,0.416200,1,0,none,baostock,query_history_k_data_plus
,,,,,2022-11-01,8.0400,8.4200,8.0000,8.3900,7.9600,5410758,44748447.7600,5.402000,0.869900,1,0,none,baostock,query_history_k_data_plus
,,,,,2022-11-02,8.4000,8.5100,8.3100,8.4600,8.3900,4581424,38550855.5400,0.834300,0.736600,1,0,none,baostock,query_history_k_data_plus
,,,,,2022-11-03,8.4100,8.5300,8.4000,8.4800,8.4600,2899110,24568648.8300,0.236400,0.466100,1,0,none,baostock,query_history_k_data_plus
,,,,,2022-11-04,8.5000,8.9500,8.4900,8.8800,8.4800,8618815,75821269.8200,4.717000,1.385700,1,0,none,baostock,query_history_k_data_plus
,,,,,2022-11-07,8.8300,8.9600,8.8000,8.8500,8.8800,5628085,49914935.2500,-0.337800,0.904900,1,0,none,baostock,query_history_k_data_plus
,,,,,2022-11-08,8.8100,8.9100,8.7800,8.8800,8.8500,3439929,30425273.7200,0.339000,0.553100,1,0,none,baostock,query_history_k_data_plus
,,,,,2022-11-09,8.9300,9.6500,8.9000,9.4800,8.8800,12231306,114972154.2300,6.756800,1.966500,1,0,none,baostock,query_history_k_data_plus
,,,,,2022-11-10,9.5300,9.6300,9.1500,9.5500,9.4800,12419926,115970986.6800,0.738400,1.996800,1,0,none,baostock,query_history_k_data_plus
,,,,,2022-11-11,9.5900,9.7200,9.2800,9.2800,9.5500,7972602,75239286.9300,-2.827200,1.281800,1,0,none,baostock,query_history_k_data_plus
,,,,,2022-11-14,9.2500,9.4700,9.1600,9.2000,9.2800,4500663,41830687.1300,-0.862100,0.723600,1,0,none,baostock,query_history_k_data_plus
,,,,,2022-11-15,9.2000,9.3000,9.1400,9.2800,9.2000,3470578,32079945.2800,0.869600,0.558000,1,0,none,baostock,query_history_k_data_plus
,,,,,2022-11-16,9.3200,9.3200,9.1300,9.1700,9.2800,3323000,30541157.0000,-1.185300,0.534300,1,0,none,baostock,query_history_k_data_plus
,,,,,2022-11-17,9.1700,9.2400,9.0800,9.2300,9.1700,2539700,23266840.8000,0.654300,0.408300,1,0,none,baostock,query_history_k_data_plus
,,,,,2022-11-18,9.2600,9.3300,9.1500,9.1600,9.2300,2411084,22289854.8400,-0.758400,0.387600,1,0,none,baostock,query_history_k_data_plus
,,,,,2022-11-21,9.1100,9.3100,8.9500,9.2500,9.1600,3996244,36976669.3800,0.982500,0.642500,1,0,none,baostock,query_history_k_data_plus
,,,,,2022-11-22,9.2500,9.2900,9.0900,9.1700,9.2500,3455756,31783573.6000,-0.864900,0.555600,1,0,none,baostock,query_history_k_data_plus
,,,,,2022-11-23,9.1700,9.1900,9.0200,9.1300,9.1700,2151995,19587365.3500,-0.436200,0.346000,1,0,none,baostock,query_history_k_data_plus
,,,,,2022-11-24,9.1900,9.3100,9.0800,9.0800,9.1300,2030367,18615566.7600,-0.547600,0.326400,1,0,none,baostock,query_history_k_data_plus
,,,,,2022-11-25,9.1500,9.1600,9.0600,9.1600,9.0800,1554938,14186248.5800,0.881100,0.250000,1,0,none,baostock,query_history_k_data_plus
,,,,,2022-11-28,9.1800,9.1800,8.8700,9.0400,9.1600,2593500,23333842.0000,-1.310000,0.417000,1,0,none,baostock,query_history_k_data_plus
,,,,,2022-11-29,9.1000,9.1800,9.0300,9.1600,9.0400,2158510,19721459.5400,1.327400,0.347000,1,0,none,baostock,query_history_k_data_plus
,,,,,2022-11-30,9.1900,9.3800,9.1100,9.2100,9.1600,2855586,26404763.1000,0.545900,0.459100,1,0,none,baostock,query_history_k_data_plus
,,,,,2022-12-01,9.2500,9.3100,9.1800,9.2400,9.2100,2255203,20794001.5700,0.325700,0.362600,1,0,none,baostock,query_history_k_data_plus
,,,,,2022-12-02,9.2400,9.3000,9.1700,9.2200,9.2400,1904703,17603119.0800,-0.216500,0.306200,1,0,none,baostock,query_history_k_data_plus
,,,,,2022-12-05,9.2400,9.3300,9.2000,9.2100,9.2200,3262000,30185023.0000,-0.108500,0.524500,1,0,none,baostock,query_history_k_data_plus
,,,,,2022-12-06,9.2200,9.3500,9.1500,9.1500,9.2100,3788999,35061273.6700,-0.651500,0.609200,1,0,none,baostock,query_history_k_data_plus
,,,,,2022-12-07,9.1600,9.1900,9.0900,9.1200,9.1500,2470166,22550201.2400,-0.327900,0.397100,1,0,none,baostock,query_history_k_data_plus
,,,,,2022-12-08,9.1100,9.2000,8.9300,8.9600,9.1200,3140769,28419375.9300,-1.754400,0.505000,1,0,none,baostock,query_history_k_data_plus
,,,,,2022-12-09,9.0100,9.0600,8.8800,8.8900,8.9600,2388320,21292113.1100,-0.781300,0.384000,1,0,none,baostock,query_history_k_data_plus
,,,,,2022-12-12,8.8800,8.9000,8.7000,8.8400,8.8900,3207221,28204901.2600,-0.562400,0.515600,1,0,none,baostock,query_history_k_data_plus
,,,,,2022-12-13,8.8700,8.8900,8.6800,8.7100,8.8400,2867900,25132164.0000,-1.470600,0.461100,1,0,none,baostock,query_history_k_data_plus
,,,,,2022-12-14,8.7400,8.8200,8.5500,8.6100,8.7100,4933756,42731769.6800,-1.148100,0.793200,1,0,none,baostock,query_history_k_data_plus
,,,,,2022-12-15,8.6500,8.6800,8.5100,8.5900,8.6100,3288966,28214654.5800,-0.232300,0.528800,1,0,none,baostock,query_history_k_data_plus
,,,,,2022-12-16,8.5900,8.6200,8.4600,8.5500,8.5900,4375089,37313264.3500,-0.465700,0.703400,1,0,none,baostock,query_history_k_data_plus
,,,,,2022-12-19,8.5900,8.5900,8.2800,8.3300,8.5500,3144560,26409700.7900,-2.573100,0.505600,1,0,none,baostock,query_history_k_data_plus
,,,,,2022-12-20,8.3000,8.4500,8.2500,8.3600,8.3300,3368093,28183605.1600,0.360100,0.541500,1,0,none,baostock,query_history_k_data_plus
,,,,,2022-12-21,8.4000,8.4500,8.1600,8.2200,8.3600,3908100,32276670.0000,-1.674600,0.628300,1,0,none,baostock,query_history_k_data_plus
,,,,,2022-12-22,8.2600,8.3000,8.0000,8.0200,8.2200,4089658,33150353.6400,-2.433100,0.657500,1,0,none,baostock,query_history_k_data_plus
,,,,,2022-12-23,7.9800,8.1700,7.9800,8.0600,8.0200,2173658,17510176.7400,0.498800,0.349500,1,0,none,baostock,query_history_k_data_plus
,,,,,2022-12-26,8.0600,8.2000,8.0100,8.1500,8.0600,1828437,14891577.2300,1.116600,0.294000,1,0,none,baostock,query_history_k_data_plus
,,,,,2022-12-27,8.1900,8.1900,8.1200,8.1600,8.1500,1389000,11325464.0000,0.122700,0.223300,1,0,none,baostock,query_history_k_data_plus
,,,,,2022-12-28,8.2100,8.2100,8.0900,8.1300,8.1600,1472870,11966793.7000,-0.367600,0.236800,1,0,none,baostock,query_history_k_data_plus
,,,,,2022-12-29,8.1400,8.1800,8.0300,8.0500,8.1300,1774622,14342675.5400,-0.984000,0.285300,1,0,none,baostock,query_history_k_data_plus
,,,,,2022-12-30,8.1000,8.1600,8.0500,8.0600,8.0500,2394100,19390089.6000,0.124200,0.384900,1,0,none,baostock,query_history_k_data_plus
,,,,,2023-01-03,8.1600,8.4000,8.0600,8.3800,8.0600,5840583,48458604.8800,3.970200,0.939000,1,0,none,baostock,query_history_k_data_plus
,,,,,2023-01-04,8.3900,8.5200,8.3300,8.5100,8.3800,4252445,35883504.0600,1.551300,0.683700,1,0,none,baostock,query_history_k_data_plus
,,,,,2023-01-05,8.4800,8.5800,8.4100,8.4300,8.5100,3093388,26255078.5900,-0.940100,0.497300,1,0,none,baostock,query_history_k_data_plus
,,,,,2023-01-06,8.4300,8.5500,8.3700,8.4400,8.4300,2507225,21225044.2000,0.118600,0.403100,1,0,none,baostock,query_history_k_data_plus
,,,,,2023-01-09,8.5000,8.5500,8.4100,8.4500,8.4400,1912600,16218637.0000,0.118500,0.307500,1,0,none,baostock,query_history_k_data_plus
,,,,,2023-01-10,8.4900,8.5000,8.3400,8.3900,8.4500,1481318,12428035.6700,-0.710100,0.238200,1,0,none,baostock,query_history_k_data_plus
,,,,,2023-01-11,8.4100,8.5000,8.3800,8.4600,8.3900,2638452,22311878.9600,0.834300,0.424200,1,0,none,baostock,query_history_k_data_plus
,,,,,2023-01-12,8.4800,8.5900,8.4100,8.4800,8.4600,2533400,21541136.5100,0.236400,0.407300,1,0,none,baostock,query_history_k_data_plus
,,,,,2023-01-13,8.5400,8.5400,8.3900,8.5100,8.4800,2261499,19160572.9800,0.353800,0.363600,1,0,none,baostock,query_history_k_data_plus
,,,,,2023-01-16,8.5300,8.6100,8.5100,8.5300,8.5100,3293000,28186992.0000,0.235000,0.529400,1,0,none,baostock,query_history_k_data_plus
,,,,,2023-01-17,8.6000,8.6200,8.5000,8.5700,8.5300,1863900,15966327.0000,0.468900,0.299700,1,0,none,baostock,query_history_k_data_plus
,,,,,2023-01-18,8.6200,8.6200,8.5400,8.5400,8.5700,1640045,14037494.7500,-0.350100,0.263700,1,0,none,baostock,query_history_k_data_plus
,,,,,2023-01-19,8.5200,8.6400,8.5100,8.6400,8.5400,2377984,20441877.1000,1.171000,0.382300,1,0,none,baostock,query_history_k_data_plus
,,,,,2023-01-20,8.6500,8.7300,8.5800,8.7200,8.6400,2557026,22231417.4500,0.925900,0.411100,1,0,none,baostock,query_history_k_data_plus
,,,,,2023-01-30,8.7600,8.8900,8.7400,8.7600,8.7200,3621552,31945573.7200,0.458700,0.582300,1,0,none,baostock,query_history_k_data_plus
,,,,,2023-01-31,8.7500,9.1100,8.7400,9.0300,8.7600,5676183,51039471.3300,3.082200,0.912600,1,0,none,baostock,query_history_k_data_plus
,,,,,2023-02-01,9.0400,9.1100,9.0000,9.0700,9.0300,3810174,34473872.2400,0.443000,0.612600,1,0,none,baostock,query_history_k_data_plus
,,,,,2023-02-02,9.1000,9.4300,9.0200,9.3000,9.0700,6908000,63842836.9000,2.535800,1.110700,1,0,none,baostock,query_history_k_data_plus
,,,,,2023-02-03,9.2600,9.3300,9.1500,9.3000,9.3000,4257929,39335127.2200,0.000000,0.684600,1,0,none,baostock,query_history_k_data_plus
,,,,,2023-02-06,9.1800,9.3900,9.1600,9.3200,9.3000,3505877,32546200.1500,0.215100,0.563700,1,0,none,baostock,query_history_k_data_plus
,,,,,2023-02-07,9.3100,9.4700,9.2600,9.4200,9.3200,4718566,44224016.0100,1.073000,0.758600,1,0,none,baostock,query_history_k_data_plus
,,,,,2023-02-08,9.4900,9.6000,9.2500,9.2700,9.4200,4890569,45863668.6400,-1.592400,0.786300,1,0,none,baostock,query_history_k_data_plus
,,,,,2023-02-09,9.2100,9.3800,9.1700,9.3500,9.2700,5744350,53531977.0000,0.863000,0.923600,1,0,none,baostock,query_history_k_data_plus
,,,,,2023-02-10,9.3600,9.3900,9.2100,9.3900,9.3500,2933057,27325004.5900,0.427800,0.471600,1,0,none,baostock,query_history_k_data_plus
,,,,,2023-02-13,9.4200,9.4900,9.3100,9.3600,9.3900,3889647,36432848.3900,-0.319500,0.625400,1,0,none,baostock,query_history_k_data_plus
,,,,,2023-02-14,9.3100,9.3900,9.3100,9.3600,9.3600,2095239,19612935.6500,0.000000,0.336900,1,0,none,baostock,query_history_k_data_plus
,,,,,2023-02-15,9.4200,9.6500,9.3900,9.5000,9.3600,6701492,63871577.8900,1.495700,1.073500,1,0,none,baostock,query_history_k_data_plus
,,,,,2023-02-16,9.5000,9.5600,9.1800,9.2300,9.5000,5593334,52351387.0900,-2.842100,0.896000,1,0,none,baostock,query_history_k_data_plus
,,,,,2023-02-17,9.2200,9.3300,9.1500,9.1900,9.2300,5266758,48638545.7600,-0.433400,0.843600,1,0,none,baostock,query_history_k_data_plus
,,,,,2023-02-20,9.2400,9.2400,9.1000,9.2200,9.1900,5155177,47268353.7800,0.326400,0.825800,1,0,none,baostock,query_history_k_data_plus
,,,,,2023-02-21,9.2500,9.3600,9.2000,9.2400,9.2200,3028700,28080927.0000,0.216900,0.485100,1,0,none,baostock,query_history_k_data_plus
,,,,,2023-02-22,9.2000,9.3100,9.1500,9.2100,9.2400,2718847,25039457.6000,-0.324700,0.435500,1,0,none,baostock,query_history_k_data_plus
,,,,,2023-02-23,9.2700,9.2900,9.1000,9.1600,9.2100,2840717,26028704.6700,-0.542900,0.455000,1,0,none,baostock,query_history_k_data_plus
,,,,,2023-02-24,9.2200,9.2700,9.1400,9.1700,9.1600,2544401,23357528.0000,0.109200,0.407600,1,0,none,baostock,query_history_k_data_plus
,,,,,2023-02-27,9.2100,9.2100,9.0400,9.0600,9.1700,2461612,22392708.2800,-1.199600,0.394300,1,0,none,baostock,query_history_k_data_plus
,,,,,2023-02-28,9.0500,9.1700,9.0400,9.1200,9.0600,2380597,21677634.0200,0.662300,0.381300,1,0,none,baostock,query_history_k_data_plus
,,,,,2023-03-01,9.1800,9.1800,9.0800,9.1600,9.1200,2371011,21657111.4300,0.438600,0.379800,1,0,none,baostock,query_history_k_data_plus
,,,,,2023-03-02,9.2000,9.2000,9.0500,9.0600,9.1600,2814108,25665928.8000,-1.091700,0.450800,1,0,none,baostock,query_history_k_data_plus
,,,,,2023-03-03,9.1100,9.1300,8.9600,9.0000,9.0600,3125600,28221492.0000,-0.662300,0.500700,1,0,none,baostock,query_history_k_data_plus
,,,,,2023-03-06,9.0000,9.1200,9.0000,9.0100,9.0000,2683698,24275799.1000,0.111100,0.429900,1,0,none,baostock,query_history_k_data_plus
,,,,,2023-03-07,9.0900,9.0900,8.8100,8.8100,9.0100,3038433,27123183.6300,-2.219800,0.486700,1,0,none,baostock,query_history_k_data_plus
,,,,,2023-03-08,8.8300,8.9200,8.8000,8.8600,8.8100,1793113,15881352.9300,0.567500,0.287200,1,0,none,baostock,query_history_k_data_plus
,,,,,2023-03-09,8.8600,9.1200,8.8000,9.0300,8.8600,4327283,38839873.9300,1.918700,0.693200,1,0,none,baostock,query_history_k_data_plus
,,,,,2023-03-10,8.9400,9.0900,8.9100,8.9100,9.0300,2928900,26286175.0000,-1.328900,0.469200,1,0,none,baostock,query_history_k_data_plus
,,,,,2023-03-13,8.9800,9.0100,8.7000,8.8100,8.9100,4475200,39360242.0000,-1.122300,0.716800,1,0,none,baostock,query_history_k_data_plus
,,,,,2023-03-14,8.8700,8.8800,8.6200,8.6800,8.8100,3278215,28544810.6300,-1.475600,0.525100,1,0,none,baostock,query_history_k_data_plus
,,,,,2023-03-15,8.7500,8.8300,8.7100,8.8100,8.6800,1900127,16705341.1100,1.497700,0.304400,1,0,none,baostock,query_history_k_data_plus
,,,,,2023-03-16,8.8300,8.8300,8.6900,8.7100,8.8100,2541665,22251234.8600,-1.135100,0.407100,1,0,none,baostock,query_history_k_data_plus
,,,,,2023-03-17,8.7800,8.8600,8.7200,8.7700,8.7100,2709238,23873831.1600,0.688900,0.434000,1,0,none,baostock,query_history_k_data_plus
,,,,,2023-03-20,8.7700,8.8500,8.7200,8.7500,8.7700,2564822,22462922.3800,-0.228100,0.410800,1,0,none,baostock,query_history_k_data_plus
,,,,,2023-03-21,8.7900,8.8800,8.6800,8.8700,8.7500,2816200,24766202.0000,1.371400,0.451100,1,0,none,baostock,query_history_k_data_plus
,,,,,2023-03-22,8.8800,9.0500,8.8400,9.0000,8.8700,3671483,32954651.8500,1.465600,0.588100,1,0,none,baostock,query_history_k_data_plus
,,,,,2023-03-23,9.0000,9.1300,8.9600,9.0800,9.0000,4079133,36998187.9900,0.888900,0.653400,1,0,none,baostock,query_history_k_data_plus
,,,,,2023-03-24,9.1000,9.1500,8.9900,9.0000,9.0800,2691865,24312632.2500,-0.881100,0.431200,1,0,none,baostock,query_history_k_data_plus
,,,,,2023-03-27,9.0200,9.0400,8.8100,8.9300,9.0000,4057320,36145146.0500,-0.777800,0.649900,1,0,none,baostock,query_history_k_data_plus
,,,,,2023-03-28,9.0200,9.1600,8.9300,8.9800,8.9300,5963128,53837706.8200,0.559900,0.955200,1,0,none,baostock,query_history_k_data_plus
,,,,,2023-03-29,8.9100,9.0000,8.7200,8.7500,8.9800,4799700,42315381.0500,-2.561200,0.768800,1,0,none,baostock,query_history_k_data_plus
,,,,,2023-03-30,8.7700,8.7900,8.6600,8.7000,8.7500,2804800,24421199.1600,-0.571400,0.449300,1,0,none,baostock,query_history_k_data_plus
,,,,,2023-03-31,8.7300,8.7700,8.5900,8.6100,8.7000,3406134,29450198.4200,-1.034500,0.545600,1,0,none,baostock,query_history_k_data_plus
,,,,,2023-04-03,8.6900,8.6900,8.5300,8.5700,8.6100,4346200,37361157.0000,-0.464600,0.696200,1,0,none,baostock,query_history_k_data_plus
,,,,,2023-04-04,8.6100,8.7200,8.5200,8.6300,8.5700,4650205,40143988.4000,0.700100,0.744900,1,0,none,baostock,query_history_k_data_plus
,,,,,2023-04-06,8.6100,8.6600,8.4400,8.4400,8.6300,4022157,34200470.7900,-2.201600,0.644300,1,0,none,baostock,query_history_k_data_plus
,,,,,2023-04-07,8.4500,8.5100,8.3300,8.3600,8.4400,3525600,29552602.9000,-0.947900,0.564700,1,0,none,baostock,query_history_k_data_plus
,,,,,2023-04-10,8.3300,8.3800,8.3000,8.3800,8.3600,2869077,23925938.8800,0.239200,0.459600,1,0,none,baostock,query_history_k_data_plus
,,,,,2023-04-11,8.3700,8.4200,8.2800,8.4100,8.3800,2655726,22211076.4800,0.358000,0.425400,1,0,none,baostock,query_history_k_data_plus
,,,,,2023-04-12,8.4100,8.8900,8.3900,8.6200,8.4100,7622708,66071155.3400,2.497000,1.221000,1,0,none,baostock,query_history_k_data_plus
,,,,,2023-04-13,8.6200,8.7900,8.5700,8.6900,8.6200,3961370,34421048.0100,0.812100,0.634500,1,0,none,baostock,query_history_k_data_plus
,,,,,2023-04-14,8.6700,8.7900,8.6200,8.6500,8.6900,3039960,26409030.9200,-0.460300,0.486900,1,0,none,baostock,query_history_k_data_plus
,,,,,2023-04-17,8.6500,8.7700,8.6000,8.6500,8.6500,2677787,23227108.6800,0.000000,0.428900,1,0,none,baostock,query_history_k_data_plus
,,,,,2023-04-18,8.6300,8.7100,8.4200,8.4400,8.6500,4291983,36545437.9900,-2.427700,0.687500,1,0,none,baostock,query_history_k_data_plus
,,,,,2023-04-19,8.4600,8.4800,8.2800,8.2800,8.4400,3856602,32173119.7100,-1.895700,0.617800,1,0,none,baostock,query_history_k_data_plus
,,,,,2023-04-20,8.3100,8.3600,7.9400,8.1300,8.2800,6187508,49892742.1600,-1.811600,0.991100,1,0,none,baostock,query_history_k_data_plus
,,,,,2023-04-21,8.1600,8.1600,7.9000,7.9300,8.1300,4055681,32458488.9400,-2.460000,0.649600,1,0,none,baostock,query_history_k_data_plus
,,,,,2023-04-24,7.9300,7.9500,7.7100,7.8600,7.9300,4513041,35294524.6900,-0.882700,0.722900,1,0,none,baostock,query_history_k_data_plus
,,,,,2023-04-25,7.9000,7.9000,7.6000,7.7100,7.8600,5256224,40586711.7000,-1.908400,0.842000,1,0,none,baostock,query_history_k_data_plus
,,,,,2023-04-26,7.7400,7.9100,7.6600,7.9000,7.7100,4342405,34004717.4000,2.464300,0.695600,1,0,none,baostock,query_history_k_data_plus
,,,,,2023-04-27,7.9000,8.0900,7.8000,8.0300,7.9000,4089130,32573108.2400,1.645600,0.655000,1,0,none,baostock,query_history_k_data_plus
,,,,,2023-04-28,8.0300,8.0800,7.9700,8.0700,8.0300,3134578,25200454.1200,0.498100,0.502100,1,0,none,baostock,query_history_k_data_plus
,,,,,2023-05-04,8.0800,8.2000,8.0100,8.2000,8.0700,3396138,27563307.9400,1.610900,0.544000,1,0,none,baostock,query_history_k_data_plus
,,,,,2023-05-05,8.2100,8.3000,8.1200,8.1200,8.2000,4042266,33082349.7400,-0.975600,0.647500,1,0,none,baostock,query_history_k_data_plus
,,,,,2023-05-08,8.2400,8.3300,8.1900,8.1900,8.1200,2717039,22383971.3400,0.862100,0.435200,1,0,none,baostock,query_history_k_data_plus
,,,,,2023-05-09,8.2100,8.2400,8.1300,8.1500,8.1900,3511306,28716903.0200,-0.488400,0.562400,1,0,none,baostock,query_history_k_data_plus
,,,,,2023-05-10,8.1800,8.2600,8.1300,8.2200,8.1500,2939180,24128427.0400,0.858900,0.470800,1,0,none,baostock,query_history_k_data_plus
,,,,,2023-05-11,8.2300,8.3000,8.2000,8.2600,8.2200,2519273,20823366.5000,0.486600,0.403500,1,0,none,baostock,query_history_k_data_plus
,,,,,2023-05-12,8.3000,8.3400,8.2300,8.2700,8.2600,2881622,23858663.2600,0.121100,0.461600,1,0,none,baostock,query_history_k_data_plus
,,,,,2023-05-15,8.2200,8.3600,8.1700,8.3400,8.2700,4498281,37167139.3600,0.846400,0.720500,1,0,none,baostock,query_history_k_data_plus
,,,,,2023-05-16,8.3700,8.4000,8.3100,8.3600,8.3400,2660300,22241615.0000,0.239800,0.426100,1,0,none,baostock,query_history_k_data_plus
,,,,,2023-05-17,8.3700,8.4000,8.2700,8.2900,8.3600,2548700,21183624.0000,-0.837300,0.408300,1,0,none,baostock,query_history_k_data_plus
,,,,,2023-05-18,8.3200,8.3400,8.1500,8.1900,8.2900,2493613,20465920.0200,-1.206300,0.399400,1,0,none,baostock,query_history_k_data_plus
,,,,,2023-05-19,8.2100,8.2500,8.1300,8.1500,8.1900,2487125,20320649.5400,-0.488400,0.398400,1,0,none,baostock,query_history_k_data_plus
,,,,,2023-05-22,8.0800,8.2200,8.0800,8.1700,8.1500,2513900,20551119.0000,0.245400,0.402700,1,0,none,baostock,query_history_k_data_plus
,,,,,2023-05-23,8.1600,8.1900,8.0000,8.0000,8.1700,2320600,18813527.0000,-2.080800,0.371700,1,0,none,baostock,query_history_k_data_plus
,,,,,2023-05-24,8.0000,8.1000,7.9400,7.9500,8.0000,3234321,25924262.2900,-0.625000,0.518100,1,0,none,baostock,query_history_k_data_plus
,,,,,2023-05-25,7.9800,8.0600,7.8800,7.9900,7.9500,3246114,25844402.4400,0.503100,0.520000,1,0,none,baostock,query_history_k_data_plus
,,,,,2023-05-26,8.0400,8.0400,7.8600,7.9300,7.9900,2415496,19150429.2800,-0.750900,0.386900,1,0,none,baostock,query_history_k_data_plus
,,,,,2023-05-29,7.9300,7.9700,7.8400,7.8700,7.9300,2736400,21616438.0000,-0.756600,0.438300,1,0,none,baostock,query_history_k_data_plus
,,,,,2023-05-30,7.8900,7.9500,7.7900,7.9400,7.8700,2715100,21391559.0000,0.889500,0.434900,1,0,none,baostock,query_history_k_data_plus
,,,,,2023-05-31,7.9700,7.9700,7.7500,7.7700,7.9400,3046900,23800025.0000,-2.141100,0.488100,1,0,none,baostock,query_history_k_data_plus
,,,,,2023-06-01,7.7800,7.8800,7.7200,7.7900,7.7700,2840069,22167882.2900,0.257400,0.454900,1,0,none,baostock,query_history_k_data_plus
,,,,,2023-06-02,7.8000,7.8700,7.7900,7.8400,7.7900,2670969,20914537.1200,0.641800,0.427800,1,0,none,baostock,query_history_k_data_plus
,,,,,2023-06-05,7.8500,7.8600,7.6800,7.7000,7.8400,3738494,28926379.6200,-1.785700,0.598800,1,0,none,baostock,query_history_k_data_plus
,,,,,2023-06-06,7.7500,7.7500,7.4700,7.4700,7.7000,5339161,40380813.2900,-2.987000,0.855200,1,0,none,baostock,query_history_k_data_plus
,,,,,2023-06-07,7.5500,7.5500,7.3000,7.3500,7.4700,3495280,25880266.2000,-1.606400,0.559900,1,0,none,baostock,query_history_k_data_plus
,,,,,2023-06-08,7.3300,7.4100,7.2900,7.3400,7.3500,3844609,28276834.3000,-0.136100,0.615800,1,0,none,baostock,query_history_k_data_plus
,,,,,2023-06-09,7.3200,7.4300,7.3100,7.3700,7.3400,2838500,20922467.0000,0.408700,0.454700,1,0,none,baostock,query_history_k_data_plus
,,,,,2023-06-12,7.3300,7.4000,7.2300,7.2700,7.3700,4751256,34722101.5100,-1.356900,0.761100,1,0,none,baostock,query_history_k_data_plus
,,,,,2023-06-13,7.2900,7.3200,7.2100,7.2300,7.2700,2816423,20425020.0800,-0.550200,0.451100,1,0,none,baostock,query_history_k_data_plus
,,,,,2023-06-14,7.2400,7.2400,7.1000,7.2000,7.2300,4406310,31565976.8000,-0.414900,0.705800,1,0,none,baostock,query_history_k_data_plus
,,,,,2023-06-15,7.2000,7.2800,7.1300,7.2500,7.2000,3627584,26155175.8800,0.694400,0.581100,1,0,none,baostock,query_history_k_data_plus
,,,,,2023-06-16,7.2500,7.3900,7.2400,7.3500,7.2500,4337676,31847983.8400,1.379300,0.694800,1,0,none,baostock,query_history_k_data_plus
,,,,,2023-06-19,7.3100,7.3700,7.1600,7.1600,7.3500,3774800,27308349.0000,-2.585000,0.604700,1,0,none,baostock,query_history_k_data_plus
,,,,,2023-06-20,7.1400,7.1800,7.0400,7.0500,7.1600,3939630,27895064.8000,-1.536300,0.631100,1,0,none,baostock,query_history_k_data_plus
,,,,,2023-06-21,7.0600,7.1100,6.9500,7.0000,7.0500,5294153,37209273.1800,-0.709200,0.848000,1,0,none,baostock,query_history_k_data_plus
,,,,,2023-06-26,6.9100,6.9800,6.8700,6.9300,7.0000,4575723,31638362.6100,-1.000000,0.733000,1,0,none,baostock,query_history_k_data_plus
,,,,,2023-06-27,6.9600,7.2200,6.8400,7.2000,6.9300,6077507,43278085.2400,3.896100,0.973500,1,0,none,baostock,query_history_k_data_plus
,,,,,2023-06-28,7.2000,7.2300,7.0000,7.0400,7.2000,6581209,46574571.9000,-2.222200,1.054200,1,0,none,baostock,query_history_k_data_plus
,,,,,2023-06-29,7.0400,7.0800,6.9900,7.0100,7.0400,3792108,26655558.0000,-0.426100,0.607400,1,0,none,baostock,query_history_k_data_plus
,,,,,2023-06-30,7.0000,7.2100,7.0000,7.2000,7.0100,3997580,28586448.8000,2.710400,0.640300,1,0,none,baostock,query_history_k_data_plus
,,,,,2023-07-03,7.1700,7.3300,7.1500,7.3000,7.2000,5092584,37009787.3600,1.388900,0.815700,1,0,none,baostock,query_history_k_data_plus
,,,,,2023-07-04,7.3000,7.3400,7.2300,7.2600,7.3000,2798700,20339362.0000,-0.547900,0.448300,1,0,none,baostock,query_history_k_data_plus
,,,,,2023-07-05,7.2600,7.3200,7.2400,7.2600,7.2600,2260459,16464350.9300,0.000000,0.362100,1,0,none,baostock,query_history_k_data_plus
,,,,,2023-07-06,7.3200,7.3200,7.2200,7.2500,7.2600,2240900,16249455.0000,-0.137700,0.359000,1,0,none,baostock,query_history_k_data_plus
,,,,,2023-07-07,7.2300,7.3700,7.2300,7.3600,7.2500,3781200,27658754.0000,1.517200,0.605700,1,0,none,baostock,query_history_k_data_plus
,,,,,2023-07-10,7.3100,7.4600,7.3100,7.3500,7.3600,3096283,22772467.2200,-0.135900,0.496000,1,0,none,baostock,query_history_k_data_plus
,,,,,2023-07-11,7.3800,7.6600,7.3400,7.5700,7.3500,6777200,50853987.6000,2.993200,1.085600,1,0,none,baostock,query_history_k_data_plus
,,,,,2023-07-12,7.5500,7.5800,7.3000,7.3400,7.5700,5100280,37754513.4000,-3.038300,0.817000,1,0,none,baostock,query_history_k_data_plus
,,,,,2023-07-13,7.3100,7.4600,7.3000,7.4500,7.3400,4066880,30123695.9400,1.498600,0.651400,1,0,none,baostock,query_history_k_data_plus
,,,,,2023-07-14,7.4500,7.5000,7.4000,7.4300,7.4500,3206176,23866088.8600,-0.268500,0.513600,1,0,none,baostock,query_history_k_data_plus
,,,,,2023-07-17,7.4300,7.5400,7.2900,7.5000,7.4300,3296409,24280378.7800,0.942100,0.528000,1,0,none,baostock,query_history_k_data_plus
,,,,,2023-07-18,7.4500,7.4600,7.3200,7.3900,7.5000,2382670,17542255.5000,-1.466700,0.381700,1,0,none,baostock,query_history_k_data_plus
,,,,,2023-07-19,7.3500,7.5400,7.3500,7.4300,7.3900,3344963,24928547.4600,0.541300,0.535800,1,0,none,baostock,query_history_k_data_plus
,,,,,2023-07-20,7.4100,7.4700,7.3100,7.3400,7.4300,3798500,28045281.0000,-1.211300,0.608500,1,0,none,baostock,query_history_k_data_plus
,,,,,2023-07-21,7.3100,7.4200,7.3000,7.3200,7.3400,2978317,21890388.9500,-0.272500,0.477100,1,0,none,baostock,query_history_k_data_plus
,,,,,2023-07-24,7.3000,7.3500,7.2700,7.3100,7.3200,2431389,17787124.2100,-0.136600,0.389500,1,0,none,baostock,query_history_k_data_plus
,,,,,2023-07-25,7.3500,7.5400,7.2900,7.5100,7.3100,4875122,36379291.2000,2.736000,0.780900,1,0,none,baostock,query_history_k_data_plus
,,,,,2023-07-26,7.4900,7.6500,7.4800,7.6200,7.5100,4069881,30938676.5000,1.464700,0.651900,1,0,none,baostock,query_history_k_data_plus
,,,,,2023-07-27,7.6300,7.6500,7.5200,7.5500,7.6200,2556841,19386882.3700,-0.918600,0.409600,1,0,none,baostock,query_history_k_data_plus
,,,,,2023-07-28,7.5100,7.6700,7.4600,7.6100,7.5500,3317700,25148112.8900,0.794700,0.531400,1,0,none,baostock,query_history_k_data_plus
,,,,,2023-07-31,7.6500,7.7400,7.6000,7.7100,7.6100,3877411,29846231.7000,1.314100,0.621100,1,0,none,baostock,query_history_k_data_plus
,,,,,2023-08-01,7.7400,7.8800,7.7000,7.8400,7.7100,4416209,34488504.5400,1.686100,0.707400,1,0,none,baostock,query_history_k_data_plus
,,,,,2023-08-02,7.8100,7.8800,7.7300,7.7600,7.8400,2712601,21090575.1300,-1.020400,0.434500,1,0,none,baostock,query_history_k_data_plus
,,,,,2023-08-03,7.7200,7.7900,7.6600,7.7100,7.7600,3230603,24868223.1000,-0.644300,0.517500,1,0,none,baostock,query_history_k_data_plus
,,,,,2023-08-04,7.7400,7.7900,7.6700,7.6800,7.7100,2829630,21800723.1000,-0.389100,0.453300,1,0,none,baostock,query_history_k_data_plus
,,,,,2023-08-07,7.6100,7.6900,7.6100,7.6300,7.6800,2421200,18489624.0000,-0.651000,0.387800,1,0,none,baostock,query_history_k_data_plus
,,,,,2023-08-08,7.6000,7.6400,7.5500,7.5900,7.6300,2078435,15761487.6500,-0.524200,0.332900,1,0,none,baostock,query_history_k_data_plus
,,,,,2023-08-09,7.6400,7.6700,7.5300,7.5700,7.5900,2072877,15754145.4600,-0.263500,0.332000,1,0,none,baostock,query_history_k_data_plus
,,,,,2023-08-10,7.5700,7.6400,7.5200,7.5500,7.5700,2175800,16435606.0000,-0.264200,0.348500,1,0,none,baostock,query_history_k_data_plus
,,,,,2023-08-11,7.5900,7.5900,7.3900,7.3900,7.5500,3006692,22410685.1100,-2.119200,0.481600,1,0,none,baostock,query_history_k_data_plus
,,,,,2023-08-14,7.3800,7.3800,7.2600,7.3400,7.3900,2145439,15693621.4200,-0.676600,0.343700,1,0,none,baostock,query_history_k_data_plus
,,,,,2023-08-15,7.3300,7.4100,7.1400,7.2900,7.3400,4299558,31195733.2400,-0.681200,0.688700,1,0,none,baostock,query_history_k_data_plus
,,,,,2023-08-16,7.2700,7.3400,7.2000,7.2700,7.2900,2672400,19423259.7800,-0.274300,0.428100,1,0,none,baostock,query_history_k_data_plus
,,,,,2023-08-17,7.2700,7.3200,7.1700,7.2900,7.2700,2557300,18508670.0000,0.275100,0.409600,1,0,none,baostock,query_history_k_data_plus
,,,,,2023-08-18,7.3100,7.6100,7.2200,7.4200,7.2900,5594951,41669830.5700,1.783300,0.896200,1,0,none,baostock,query_history_k_data_plus
,,,,,2023-08-21,7.4500,7.5300,7.3800,7.4400,7.4200,5003700,37367103.0000,0.269500,0.801500,1,0,none,baostock,query_history_k_data_plus
,,,,,2023-08-22,7.4600,7.5300,7.2500,7.3700,7.4400,5015211,36811524.2700,-0.940900,0.803300,1,0,none,baostock,query_history_k_data_plus
,,,,,2023-08-23,7.3700,7.5800,7.3000,7.4900,7.3700,6047072,45054161.5200,1.628200,0.968600,1,0,none,baostock,query_history_k_data_plus
,,,,,2023-08-24,7.4300,7.4900,7.1600,7.2100,7.4900,7540256,54624551.2800,-3.738300,1.207800,1,0,none,baostock,query_history_k_data_plus
,,,,,2023-08-25,7.2600,7.7500,7.2000,7.6800,7.2100,20872950,157963045.3800,6.518700,3.343500,1,0,none,baostock,query_history_k_data_plus
,,,,,2023-08-28,8.1400,8.1800,7.5600,7.6400,7.6800,20267299,157993159.3800,-0.520800,3.246500,1,0,none,baostock,query_history_k_data_plus
,,,,,2023-08-29,7.5800,7.6300,7.4100,7.6000,7.6400,14841469,111743105.3100,-0.523600,2.377300,1,0,none,baostock,query_history_k_data_plus
,,,,,2023-08-30,7.5500,7.5800,7.2100,7.3000,7.6000,15407144,112819326.6400,-3.947400,2.468000,1,0,none,baostock,query_history_k_data_plus
,,,,,2023-08-31,7.3000,7.3000,7.0100,7.0200,7.3000,13226056,93676473.4400,-3.835600,2.118600,1,0,none,baostock,query_history_k_data_plus
,,,,,2023-09-01,7.0200,7.0500,6.9100,6.9700,7.0200,6490672,45249221.2900,-0.712300,1.039700,1,0,none,baostock,query_history_k_data_plus
,,,,,2023-09-04,6.9700,7.1900,6.9700,7.1500,6.9700,7412151,52623378.1100,2.582500,1.187300,1,0,none,baostock,query_history_k_data_plus
,,,,,2023-09-05,7.1300,7.1400,7.0000,7.0300,7.1500,4954018,34874759.0000,-1.678300,0.793500,1,0,none,baostock,query_history_k_data_plus
,,,,,2023-09-06,7.0300,7.1300,6.9800,7.1200,7.0300,5096838,35997369.6400,1.280200,0.816400,1,0,none,baostock,query_history_k_data_plus
,,,,,2023-09-07,7.1200,7.1200,6.9600,6.9600,7.1200,4402588,30879018.2400,-2.247200,0.705200,1,0,none,baostock,query_history_k_data_plus
,,,,,2023-09-08,6.9400,7.0100,6.9200,6.9500,6.9600,3243237,22581104.2800,-0.143700,0.519500,1,0,none,baostock,query_history_k_data_plus
,,,,,2023-09-11,6.9900,7.0500,6.8900,7.0200,6.9500,4419588,30872815.4800,1.007200,0.707900,1,0,none,baostock,query_history_k_data_plus
,,,,,2023-09-12,7.0000,7.0800,7.0000,7.0600,7.0200,2876868,20265289.3600,0.569800,0.460800,1,0,none,baostock,query_history_k_data_plus
,,,,,2023-09-13,7.0500,7.1200,6.9800,7.0400,7.0600,3668914,25844456.6700,-0.283300,0.587700,1,0,none,baostock,query_history_k_data_plus
,,,,,2023-09-14,7.0300,7.0400,6.9400,6.9900,7.0400,2995700,20942941.0000,-0.710200,0.479900,1,0,none,baostock,query_history_k_data_plus
,,,,,2023-09-15,7.0300,7.0400,6.9000,6.9200,6.9900,3292100,22837510.0000,-1.001400,0.527300,1,0,none,baostock,query_history_k_data_plus
,,,,,2023-09-18,6.9000,6.9700,6.8400,6.9400,6.9200,3371788,23332488.4800,0.289000,0.540100,1,0,none,baostock,query_history_k_data_plus
,,,,,2023-09-19,6.9400,6.9700,6.8900,6.9100,6.9400,2471700,17111761.0000,-0.432300,0.395900,1,0,none,baostock,query_history_k_data_plus
,,,,,2023-09-20,6.8800,6.9400,6.8500,6.8500,6.9100,2970902,20467867.8500,-0.868300,0.475900,1,0,none,baostock,query_history_k_data_plus
,,,,,2023-09-21,6.8400,6.8900,6.7500,6.7600,6.8500,3388601,23021535.7600,-1.313900,0.542800,1,0,none,baostock,query_history_k_data_plus
,,,,,2023-09-22,6.7300,6.8700,6.7300,6.8600,6.7600,2899351,19767946.2500,1.479300,0.464400,1,0,none,baostock,query_history_k_data_plus
,,,,,2023-09-25,6.8600,6.8900,6.8000,6.8500,6.8600,2528152,17297286.0400,-0.145800,0.405000,1,0,none,baostock,query_history_k_data_plus
,,,,,2023-09-26,6.8700,6.8700,6.8000,6.8400,6.8500,2248700,15378656.0000,-0.146000,0.360200,1,0,none,baostock,query_history_k_data_plus
,,,,,2023-09-27,6.8300,6.9300,6.8200,6.8600,6.8400,3097733,21296004.3900,0.292400,0.496200,1,0,none,baostock,query_history_k_data_plus
,,,,,2023-09-28,6.8700,6.9700,6.8700,6.9600,6.8600,3000046,20785829.1200,1.457700,0.480600,1,0,none,baostock,query_history_k_data_plus
,,,,,2023-10-09,6.9700,7.0100,6.9000,6.9500,6.9600,3624700,25191193.0000,-0.143700,0.580600,1,0,none,baostock,query_history_k_data_plus
,,,,,2023-10-10,6.9800,7.0200,6.9200,6.9600,6.9500,3033577,21123029.3800,0.143900,0.485900,1,0,none,baostock,query_history_k_data_plus
,,,,,2023-10-11,6.9800,6.9800,6.8500,6.8500,6.9600,3564730,24583276.5000,-1.580500,0.571000,1,0,none,baostock,query_history_k_data_plus
,,,,,2023-10-12,6.8500,6.9500,6.8500,6.9300,6.8500,2907304,20096884.6600,1.167900,0.465700,1,0,none,baostock,query_history_k_data_plus
,,,,,2023-10-13,6.9200,6.9400,6.7800,6.8000,6.9300,2881200,19713731.0000,-1.875900,0.461500,1,0,none,baostock,query_history_k_data_plus
,,,,,2023-10-16,6.8500,6.8600,6.7800,6.8200,6.8000,2636908,17978658.4000,0.294100,0.422400,1,0,none,baostock,query_history_k_data_plus
,,,,,2023-10-17,6.8200,6.8600,6.7400,6.7700,6.8200,2510616,17058944.8400,-0.733100,0.402200,1,0,none,baostock,query_history_k_data_plus
,,,,,2023-10-18,6.7800,6.7800,6.5500,6.5500,6.7700,4395417,29058843.7500,-3.249600,0.704100,1,0,none,baostock,query_history_k_data_plus
,,,,,2023-10-19,6.5400,6.6400,6.5000,6.5500,6.5500,3181076,20887544.6000,0.000000,0.509600,1,0,none,baostock,query_history_k_data_plus
,,,,,2023-10-20,6.5300,6.6200,6.5000,6.5000,6.5500,2668302,17484259.0400,-0.763400,0.427400,1,0,none,baostock,query_history_k_data_plus
,,,,,2023-10-23,6.5300,6.5300,6.2100,6.2800,6.5000,3325994,21139691.8500,-3.384600,0.532800,1,0,none,baostock,query_history_k_data_plus
,,,,,2023-10-24,6.3000,6.5500,6.2900,6.5400,6.2800,4935001,31756575.5300,4.140100,0.790500,1,0,none,baostock,query_history_k_data_plus
,,,,,2023-10-25,6.5800,6.7300,6.5700,6.6400,6.5400,4471979,29810923.7300,1.529100,0.716300,1,0,none,baostock,query_history_k_data_plus
,,,,,2023-10-26,6.6200,6.7300,6.5500,6.6900,6.6400,4070509,26995791.0800,0.753000,0.652000,1,0,none,baostock,query_history_k_data_plus
,,,,,2023-10-27,6.7200,6.8000,6.6600,6.7700,6.6900,3535244,23869391.8700,1.195800,0.566300,1,0,none,baostock,query_history_k_data_plus
,,,,,2023-10-30,6.7300,6.8900,6.7300,6.8700,6.7700,3542064,24240149.5400,1.477100,0.567400,1,0,none,baostock,query_history_k_data_plus
,,,,,2023-10-31,6.8700,6.9400,6.8400,6.9100,6.8700,3675802,25314995.1100,0.582200,0.588800,1,0,none,baostock,query_history_k_data_plus
,,,,,2023-11-01,6.8900,6.9200,6.8500,6.9000,6.9100,1793100,12352917.0000,-0.144700,0.287200,1,0,none,baostock,query_history_k_data_plus
,,,,,2023-11-02,6.9000,6.9600,6.8100,6.8600,6.9000,3208282,22012421.5200,-0.579700,0.513900,1,0,none,baostock,query_history_k_data_plus
,,,,,2023-11-03,6.8500,6.9400,6.8400,6.8800,6.8600,3049182,21045921.4400,0.291500,0.488400,1,0,none,baostock,query_history_k_data_plus
,,,,,2023-11-06,6.9200,7.0000,6.8800,6.9800,6.8800,3992500,27771800.0000,1.453500,0.639500,1,0,none,baostock,query_history_k_data_plus
,,,,,2023-11-07,6.9800,6.9900,6.9100,6.9500,6.9800,2398937,16693410.2200,-0.429800,0.384300,1,0,none,baostock,query_history_k_data_plus
,,,,,2023-11-08,7.0000,7.0100,6.8700,6.9000,6.9500,3527595,24390746.3300,-0.719400,0.565100,1,0,none,baostock,query_history_k_data_plus
,,,,,2023-11-09,6.9200,6.9300,6.8100,6.8400,6.9000,3039900,20847598.0000,-0.869600,0.486900,1,0,none,baostock,query_history_k_data_plus
,,,,,2023-11-10,6.8500,6.8800,6.7700,6.8300,6.8400,2533000,17273338.0000,-0.146200,0.405700,1,0,none,baostock,query_history_k_data_plus
,,,,,2023-11-13,6.8700,6.9200,6.8300,6.9000,6.8300,2692181,18519567.2800,1.024900,0.431200,1,0,none,baostock,query_history_k_data_plus
,,,,,2023-11-14,6.9000,6.9300,6.8400,6.9100,6.9000,3314300,22850795.1900,0.144900,0.530900,1,0,none,baostock,query_history_k_data_plus
,,,,,2023-11-15,6.9300,7.0600,6.9100,7.0100,6.9100,5389900,37710780.0000,1.447200,0.863400,1,0,none,baostock,query_history_k_data_plus
,,,,,2023-11-16,7.0100,7.0200,6.9300,6.9300,7.0100,3225000,22461034.0000,-1.141200,0.516600,1,0,none,baostock,query_history_k_data_plus
,,,,,2023-11-17,6.9200,6.9700,6.9000,6.9400,6.9300,2438767,16915300.3100,0.144300,0.390600,1,0,none,baostock,query_history_k_data_plus
,,,,,2023-11-20,6.9300,7.0100,6.9000,7.0000,6.9400,2924395,20390194.4000,0.864600,0.468400,1,0,none,baostock,query_history_k_data_plus
,,,,,2023-11-21,6.9800,7.0700,6.9400,6.9500,7.0000,3845600,26987251.2000,-0.714300,0.616000,1,0,none,baostock,query_history_k_data_plus
,,,,,2023-11-22,6.9300,7.0200,6.9100,6.9100,6.9500,2713218,18867265.2800,-0.575500,0.434600,1,0,none,baostock,query_history_k_data_plus
,,,,,2023-11-23,6.9100,6.9800,6.9000,6.9800,6.9100,2271200,15770998.0000,1.013000,0.363800,1,0,none,baostock,query_history_k_data_plus
,,,,,2023-11-24,6.9800,7.0000,6.8500,6.9000,6.9800,2837842,19614099.8000,-1.146100,0.454600,1,0,none,baostock,query_history_k_data_plus
,,,,,2023-11-27,6.8800,6.9200,6.8000,6.8300,6.9000,3085332,21102080.8200,-1.014500,0.494200,1,0,none,baostock,query_history_k_data_plus
,,,,,2023-11-28,6.8000,6.9700,6.7800,6.9300,6.8300,2580732,17798348.3400,1.464100,0.413400,1,0,none,baostock,query_history_k_data_plus
,,,,,2023-11-29,6.9200,6.9700,6.8900,6.9400,6.9300,2819150,19537971.4200,0.144300,0.451600,1,0,none,baostock,query_history_k_data_plus
,,,,,2023-11-30,6.9300,6.9600,6.8100,6.8800,6.9400,2850700,19580890.0000,-0.864600,0.456600,1,0,none,baostock,query_history_k_data_plus
,,,,,2023-12-01,6.8500,6.9200,6.8200,6.8800,6.8800,2462700,16913398.0000,0.000000,0.394500,1,0,none,baostock,query_history_k_data_plus
,,,,,2023-12-04,6.8600,6.9200,6.8500,6.9100,6.8800,2890500,19898328.0000,0.436000,0.463000,1,0,none,baostock,query_history_k_data_plus
,,,,,2023-12-05,6.9600,6.9600,6.7300,6.7300,6.9100,2958400,20125692.0000,-2.604900,0.473900,1,0,none,baostock,query_history_k_data_plus
,,,,,2023-12-06,6.7100,6.8400,6.6900,6.7500,6.7300,3769246,25541901.5000,0.297200,0.603800,1,0,none,baostock,query_history_k_data_plus
,,,,,2023-12-07,6.7600,6.7800,6.6500,6.7100,6.7500,3790730,25401910.7000,-0.592600,0.607200,1,0,none,baostock,query_history_k_data_plus
,,,,,2023-12-08,6.7100,6.7500,6.5800,6.5900,6.7100,6880975,45795771.0500,-1.788400,1.102200,1,0,none,baostock,query_history_k_data_plus
,,,,,2023-12-11,6.5800,6.6400,6.4600,6.6300,6.5900,5618475,36808664.3000,0.607000,0.900000,1,0,none,baostock,query_history_k_data_plus
,,,,,2023-12-12,6.6300,6.6400,6.4900,6.5400,6.6300,5158300,33678471.0000,-1.357500,0.826300,1,0,none,baostock,query_history_k_data_plus
,,,,,2023-12-13,6.5300,6.5700,6.5000,6.5100,6.5400,2861800,18720961.0000,-0.458700,0.458400,1,0,none,baostock,query_history_k_data_plus
,,,,,2023-12-14,6.5400,6.5700,6.5000,6.5300,6.5100,2287809,14947241.0200,0.307200,0.366500,1,0,none,baostock,query_history_k_data_plus
,,,,,2023-12-15,6.5300,6.5600,6.4800,6.4900,6.5300,2668022,17402105.9800,-0.612600,0.427400,1,0,none,baostock,query_history_k_data_plus
,,,,,2023-12-18,6.4800,6.4800,6.3300,6.3600,6.4900,4524210,28909914.6000,-2.003100,0.724700,1,0,none,baostock,query_history_k_data_plus
,,,,,2023-12-19,6.4000,6.4000,6.2700,6.3400,6.3600,3330110,21032802.9000,-0.314500,0.533400,1,0,none,baostock,query_history_k_data_plus
,,,,,2023-12-20,6.3500,6.3900,6.2800,6.2900,6.3400,3800500,24084946.0000,-0.788600,0.608800,1,0,none,baostock,query_history_k_data_plus
,,,,,2023-12-21,6.2800,6.3700,6.1900,6.3000,6.2900,4814370,30245243.3000,0.159000,0.771200,1,0,none,baostock,query_history_k_data_plus
,,,,,2023-12-22,6.3100,6.3200,6.1300,6.1500,6.3000,4799100,29676098.0000,-2.381000,0.768700,1,0,none,baostock,query_history_k_data_plus
,,,,,2023-12-25,6.1500,6.1800,6.0300,6.0600,6.1500,4879366,29681904.6300,-1.463400,0.781600,1,0,none,baostock,query_history_k_data_plus
,,,,,2023-12-26,6.0400,6.0700,6.0100,6.0100,6.0600,3407406,20568927.1000,-0.825100,0.545800,1,0,none,baostock,query_history_k_data_plus
,,,,,2023-12-27,6.0000,6.0700,5.9400,6.0100,6.0100,4275919,25603307.7600,0.000000,0.684900,1,0,none,baostock,query_history_k_data_plus
,,,,,2023-12-28,5.9800,6.1800,5.9400,6.1600,6.0100,4238214,25822078.8200,2.495800,0.678900,1,0,none,baostock,query_history_k_data_plus
,,,,,2023-12-29,6.1500,6.1800,6.1000,6.1700,6.1600,2589014,15940271.1000,0.162300,0.414700,1,0,none,baostock,query_history_k_data_plus
,,,,,2024-01-02,6.1500,6.2700,6.1400,6.2200,6.1700,3794500,23655459.0000,0.810400,0.607800,1,0,none,baostock,query_history_k_data_plus
,,,,,2024-01-03,6.2200,6.2600,6.1600,6.2300,6.2200,2932900,18212598.0000,0.160800,0.469800,1,0,none,baostock,query_history_k_data_plus
,,,,,2024-01-04,6.2000,6.2500,6.1500,6.1900,6.2300,2251300,13936797.0000,-0.642100,0.360600,1,0,none,baostock,query_history_k_data_plus
,,,,,2024-01-05,6.1900,6.2500,6.0900,6.1100,6.1900,2882700,17761460.0000,-1.292400,0.461800,1,0,none,baostock,query_history_k_data_plus
,,,,,2024-01-08,6.0900,6.1100,5.9600,5.9600,6.1100,4355043,26233830.2900,-2.455000,0.697600,1,0,none,baostock,query_history_k_data_plus
,,,,,2024-01-09,5.9600,6.0100,5.9000,5.9300,5.9600,3310900,19707105.0000,-0.503400,0.530300,1,0,none,baostock,query_history_k_data_plus
,,,,,2024-01-10,5.9300,5.9700,5.8000,5.8800,5.9300,3526117,20773808.8400,-0.843200,0.564800,1,0,none,baostock,query_history_k_data_plus
,,,,,2024-01-11,5.8800,6.0500,5.8600,6.0400,5.8800,3468600,20739852.0000,2.721100,0.555600,1,0,none,baostock,query_history_k_data_plus
,,,,,2024-01-12,6.0500,6.2200,6.0400,6.0800,6.0400,4918324,30170747.2000,0.662300,0.787800,1,0,none,baostock,query_history_k_data_plus
,,,,,2024-01-15,6.0800,6.0800,5.9000,5.9100,6.0800,4718622,28088437.2200,-2.796100,0.755800,1,0,none,baostock,query_history_k_data_plus
,,,,,2024-01-16,5.9300,5.9700,5.8300,5.8900,5.9100,4586276,26991008.5600,-0.338400,0.734600,1,0,none,baostock,query_history_k_data_plus
,,,,,2024-01-17,5.9000,5.9000,5.7800,5.8000,5.8900,4772962,27735420.5300,-1.528000,0.764500,1,0,none,baostock,query_history_k_data_plus
,,,,,2024-01-18,5.7500,5.8600,5.6800,5.8500,5.8000,11263421,64581327.1700,0.862100,1.804200,1,0,none,baostock,query_history_k_data_plus
,,,,,2024-01-19,5.9000,5.9000,5.6500,5.6700,5.8500,6743482,38470457.2600,-3.076900,1.080200,1,0,none,baostock,query_history_k_data_plus
,,,,,2024-01-22,5.6700,5.6700,5.3200,5.3800,5.6700,6743747,37063959.5100,-5.114600,1.080200,1,0,none,baostock,query_history_k_data_plus
,,,,,2024-01-23,5.3400,5.4300,5.2200,5.4000,5.3800,5062290,26980887.4900,0.371700,0.810900,1,0,none,baostock,query_history_k_data_plus
,,,,,2024-01-24,5.4400,5.5100,5.2600,5.5000,5.4000,4511747,24368873.1000,1.851900,0.722700,1,0,none,baostock,query_history_k_data_plus
,,,,,2024-01-25,5.5400,5.6800,5.4100,5.6700,5.5000,4590468,25754672.5900,3.090900,0.735300,1,0,none,baostock,query_history_k_data_plus
,,,,,2024-01-26,5.6700,5.8100,5.6500,5.7500,5.6700,4314280,24854149.4000,1.410900,0.691100,1,0,none,baostock,query_history_k_data_plus
,,,,,2024-01-29,5.7800,5.7800,5.5300,5.5400,5.7500,4537761,25501918.3800,-3.652200,0.726900,1,0,none,baostock,query_history_k_data_plus
,,,,,2024-01-30,5.4900,5.6100,5.3300,5.3700,5.5400,4387689,23939698.3900,-3.068600,0.702800,1,0,none,baostock,query_history_k_data_plus
,,,,,2024-01-31,5.2500,5.3400,5.0600,5.0700,5.3700,6403201,33200364.2000,-5.586600,1.025700,1,0,none,baostock,query_history_k_data_plus
,,,,,2024-02-01,5.0600,5.0800,4.8500,4.9400,5.0700,5829399,28979782.1800,-2.564100,0.933800,1,0,none,baostock,query_history_k_data_plus
,,,,,2024-02-02,4.9600,5.0200,4.4800,4.6900,4.9400,8959160,42188616.2000,-5.060700,1.435100,1,0,none,baostock,query_history_k_data_plus
,,,,,2024-02-05,4.5900,4.6000,3.9000,4.0100,4.6900,13591816,56595350.3700,-14.498900,2.177200,1,0,none,baostock,query_history_k_data_plus
,,,,,2024-02-06,4.0100,4.4100,3.7600,4.2200,4.0100,11168629,45043632.8300,5.236900,1.789000,1,0,none,baostock,query_history_k_data_plus
,,,,,2024-02-07,4.2400,4.2600,3.9200,3.9800,4.2200,11631702,47184198.4600,-5.687200,1.863200,1,0,none,baostock,query_history_k_data_plus
,,,,,2024-02-08,3.9300,4.4000,3.7800,4.3800,3.9800,12970302,52976334.3400,10.050300,2.077600,1,0,none,baostock,query_history_k_data_plus
,,,,,2024-02-19,4.3800,4.6500,4.3700,4.5300,4.3800,8931602,40513477.2600,3.424700,1.430700,1,0,none,baostock,query_history_k_data_plus
,,,,,2024-02-20,4.5300,4.6300,4.4300,4.6100,4.5300,4763265,21641583.1000,1.766000,0.763000,1,0,none,baostock,query_history_k_data_plus
,,,,,2024-02-21,4.5200,4.8800,4.5000,4.7400,4.6100,7143837,33929535.8400,2.820000,1.144300,1,0,none,baostock,query_history_k_data_plus
,,,,,2024-02-22,4.7000,4.8700,4.6900,4.8400,4.7400,5291900,25311615.0000,2.109700,0.847700,1,0,none,baostock,query_history_k_data_plus
,,,,,2024-02-23,4.8500,4.9800,4.8300,4.9600,4.8400,6808700,33410294.0000,2.479300,1.090600,1,0,none,baostock,query_history_k_data_plus
,,,,,2024-02-26,4.9500,5.1100,4.9100,5.0200,4.9600,6941203,34766628.9400,1.209700,1.111900,1,0,none,baostock,query_history_k_data_plus
,,,,,2024-02-27,5.0300,5.1000,4.9800,5.1000,5.0200,5890986,29742744.4400,1.593600,0.943600,1,0,none,baostock,query_history_k_data_plus
,,,,,2024-02-28,5.1600,5.2700,4.7600,4.7900,5.1000,12037991,60458529.2600,-6.078400,1.928300,1,0,none,baostock,query_history_k_data_plus
,,,,,2024-02-29,4.8200,4.9400,4.7400,4.9400,4.7900,7151200,34890240.0000,3.131500,1.145500,1,0,none,baostock,query_history_k_data_plus
,,,,,2024-03-01,4.9400,5.0400,4.9100,5.0000,4.9400,4954072,24601158.8400,1.214600,0.793600,1,0,none,baostock,query_history_k_data_plus
,,,,,2024-03-04,5.0000,5.0500,4.8600,4.9400,5.0000,4887591,24160564.7500,-1.200000,0.782900,1,0,none,baostock,query_history_k_data_plus
,,,,,2024-03-05,4.9200,4.9200,4.7400,4.7500,4.9400,7685703,36842943.2800,-3.846200,1.231100,1,0,none,baostock,query_history_k_data_plus
,,,,,2024-03-06,4.7700,4.9200,4.7400,4.8400,4.7500,5398100,26090577.0000,1.894700,0.864700,1,0,none,baostock,query_history_k_data_plus
,,,,,2024-03-07,4.8800,4.9300,4.8000,4.8200,4.8400,4147344,20172595.8200,-0.413200,0.664300,1,0,none,baostock,query_history_k_data_plus
,,,,,2024-03-08,4.8100,4.9100,4.7500,4.8200,4.8200,3177700,15258511.0000,0.000000,0.509000,1,0,none,baostock,query_history_k_data_plus
,,,,,2024-03-11,4.8600,5.0000,4.8200,4.9800,4.8200,5128900,25159589.0000,3.319500,0.821600,1,0,none,baostock,query_history_k_data_plus
,,,,,2024-03-12,5.0300,5.0300,4.9300,5.0300,4.9800,5054889,25213904.5700,1.004000,0.809700,1,0,none,baostock,query_history_k_data_plus
,,,,,2024-03-13,5.0000,5.0600,4.9400,5.0000,5.0300,4829430,24133419.8000,-0.596400,0.773600,1,0,none,baostock,query_history_k_data_plus
,,,,,2024-03-14,5.0200,5.1500,4.9300,5.0200,5.0000,7296840,36869858.2000,0.400000,1.168800,1,0,none,baostock,query_history_k_data_plus
,,,,,2024-03-15,5.0200,5.1800,4.9400,5.1800,5.0200,6786969,34509437.5400,3.187300,1.087200,1,0,none,baostock,query_history_k_data_plus
,,,,,2024-03-18,5.2000,5.2400,5.1300,5.1900,5.1800,5484601,28303079.1300,0.193100,0.878500,1,0,none,baostock,query_history_k_data_plus
,,,,,2024-03-19,5.1900,5.2400,5.1300,5.1500,5.1900,5379243,27822419.3500,-0.770700,0.861700,1,0,none,baostock,query_history_k_data_plus
,,,,,2024-03-20,5.1800,5.2200,5.1300,5.2000,5.1500,4299086,22300859.3400,0.970900,0.688600,1,0,none,baostock,query_history_k_data_plus
,,,,,2024-03-21,5.2200,5.2400,5.1200,5.2100,5.2000,5303805,27492512.8000,0.192300,0.849600,1,0,none,baostock,query_history_k_data_plus
,,,,,2024-03-22,5.2000,5.2000,5.0300,5.1000,5.2100,5428300,27691529.0000,-2.111300,0.869500,1,0,none,baostock,query_history_k_data_plus
,,,,,2024-03-25,5.1400,5.1400,4.9200,4.9300,5.1000,4895900,24554953.0000,-3.333300,0.784200,1,0,none,baostock,query_history_k_data_plus
,,,,,2024-03-26,4.9300,5.0000,4.8700,4.9800,4.9300,3704200,18277839.4100,1.014200,0.593300,1,0,none,baostock,query_history_k_data_plus
,,,,,2024-03-27,4.9800,5.0200,4.8200,4.8300,4.9800,5203500,25631519.0000,-3.012000,0.833500,1,0,none,baostock,query_history_k_data_plus
,,,,,2024-03-28,4.8300,5.0100,4.8000,4.9600,4.8300,4961188,24465295.6000,2.691500,0.794700,1,0,none,baostock,query_history_k_data_plus
,,,,,2024-03-29,4.9600,5.0700,4.9600,5.0300,4.9600,3898003,19563425.0300,1.411300,0.624400,1,0,none,baostock,query_history_k_data_plus
,,,,,2024-04-01,5.0800,5.1600,5.0400,5.1500,5.0300,5315600,27235971.0000,2.385700,0.851500,1,0,none,baostock,query_history_k_data_plus
,,,,,2024-04-02,5.1800,5.2500,5.1400,5.2200,5.1500,6784795,35342520.0500,1.359200,1.086800,1,0,none,baostock,query_history_k_data_plus
,,,,,2024-04-03,5.2200,5.2900,5.1600,5.2700,5.2200,7501001,39236303.2200,0.957900,1.201500,1,0,none,baostock,query_history_k_data_plus
,,,,,2024-04-08,5.2000,5.2600,5.0600,5.0600,5.2700,5235846,26842536.0400,-3.984800,0.838700,1,0,none,baostock,query_history_k_data_plus
,,,,,2024-04-09,5.0400,5.1800,5.0300,5.1500,5.0600,3872900,19825252.0000,1.778700,0.620400,1,0,none,baostock,query_history_k_data_plus
,,,,,2024-04-10,5.1500,5.1800,4.9300,4.9800,5.1500,5183994,26015506.9400,-3.301000,0.830400,1,0,none,baostock,query_history_k_data_plus
,,,,,2024-04-11,4.9500,5.1200,4.9000,5.0300,4.9800,5307300,26774038.0000,1.004000,0.850100,1,0,none,baostock,query_history_k_data_plus
,,,,,2024-04-12,5.1000,5.1100,4.9100,4.9300,5.0300,5628421,28014359.6800,-1.988100,0.901600,1,0,none,baostock,query_history_k_data_plus
,,,,,2024-04-15,4.8700,4.9100,4.4500,4.5400,4.9300,11411941,52679296.7000,-7.910800,1.828000,1,0,none,baostock,query_history_k_data_plus
,,,,,2024-04-16,4.4400,4.5100,4.0100,4.0300,4.5400,11216169,46658404.6100,-11.233500,1.796600,1,0,none,baostock,query_history_k_data_plus
,,,,,2024-04-17,4.1300,4.5000,4.0900,4.5000,4.0300,9018203,39418704.1400,11.662500,1.444600,1,0,none,baostock,query_history_k_data_plus
,,,,,2024-04-18,4.5000,4.5800,4.3000,4.3100,4.5000,7062609,30896635.5100,-4.222200,1.131300,1,0,none,baostock,query_history_k_data_plus
,,,,,2024-04-19,4.3100,4.4200,4.2200,4.3200,4.3100,5579855,24125607.5200,0.232000,0.893800,1,0,none,baostock,query_history_k_data_plus
,,,,,2024-04-22,4.2600,4.3300,4.1500,4.2300,4.3200,5550900,23550101.0000,-2.083300,0.889200,1,0,none,baostock,query_history_k_data_plus
,,,,,2024-04-23,4.2300,4.3600,4.2300,4.3000,4.2300,4172900,17943580.0000,1.654800,0.668400,1,0,none,baostock,query_history_k_data_plus
,,,,,2024-04-24,4.2800,4.4300,4.2800,4.4300,4.3000,4942284,21607886.7400,3.023300,0.791700,1,0,none,baostock,query_history_k_data_plus
,,,,,2024-04-25,4.3900,4.5100,4.3700,4.4700,4.4300,3956600,17664707.0000,0.902900,0.633800,1,0,none,baostock,query_history_k_data_plus
,,,,,2024-04-26,4.5500,4.6400,4.4700,4.6200,4.4700,7191723,32909923.3800,3.355700,1.152100,1,0,none,baostock,query_history_k_data_plus
,,,,,2024-04-29,4.6200,4.8700,4.6200,4.8700,4.6200,7065290,33778538.7000,5.411300,1.131800,1,0,none,baostock,query_history_k_data_plus
,,,,,2024-04-30,4.8600,4.9100,4.7700,4.8600,4.8700,5917159,28604594.7400,-0.205300,0.947900,1,0,none,baostock,query_history_k_data_plus
,,,,,2024-05-06,4.8900,4.9900,4.8900,4.9600,4.8600,5892837,29124529.7500,2.057600,0.944000,1,0,none,baostock,query_history_k_data_plus
,,,,,2024-05-07,4.9700,5.0000,4.9200,5.0000,4.9600,4279162,21250283.0400,0.806500,0.685500,1,0,none,baostock,query_history_k_data_plus
,,,,,2024-05-08,5.0000,5.0300,4.9000,4.9500,5.0000,5172161,25678321.1700,-1.000000,0.828600,1,0,none,baostock,query_history_k_data_plus
,,,,,2024-05-09,4.9700,5.1400,4.9100,5.0800,4.9500,7247477,36733967.6100,2.626300,1.161000,1,0,none,baostock,query_history_k_data_plus
,,,,,2024-05-10,5.1100,5.1400,4.9700,4.9900,5.0800,4239900,21305651.0000,-1.771700,0.679200,1,0,none,baostock,query_history_k_data_plus
,,,,,2024-05-13,5.0200,5.0200,4.8800,4.9200,4.9900,5702600,28096232.0000,-1.402800,0.913500,1,0,none,baostock,query_history_k_data_plus
,,,,,2024-05-14,4.9200,4.9800,4.9000,4.9500,4.9200,3290811,16231450.0100,0.609800,0.527200,1,0,none,baostock,query_history_k_data_plus
,,,,,2024-05-15,4.9400,4.9800,4.9100,4.9200,4.9500,2930000,14500034.0000,-0.606100,0.469400,1,0,none,baostock,query_history_k_data_plus
,,,,,2024-05-16,4.9100,5.0400,4.9100,5.0000,4.9200,4179000,20915882.0000,1.626000,0.669500,1,0,none,baostock,query_history_k_data_plus
,,,,,2024-05-17,4.9500,5.1200,4.9500,5.1200,5.0000,4460900,22467039.0000,2.400000,0.714600,1,0,none,baostock,query_history_k_data_plus
,,,,,2024-05-20,5.1000,5.1100,4.9600,4.9700,5.1200,6236900,31293935.0000,-2.929700,0.999100,1,0,none,baostock,query_history_k_data_plus
,,,,,2024-05-21,4.9500,4.9900,4.9000,4.9200,4.9700,3978300,19600930.0000,-1.006000,0.637300,1,0,none,baostock,query_history_k_data_plus
,,,,,2024-05-22,4.9700,5.0000,4.9000,5.0000,4.9200,2838000,14088798.0000,1.626000,0.454600,1,0,none,baostock,query_history_k_data_plus
,,,,,2024-05-23,5.0000,5.0000,4.8200,4.8400,5.0000,3425600,16708350.0000,-3.200000,0.548800,1,0,none,baostock,query_history_k_data_plus
,,,,,2024-05-24,4.8600,4.9300,4.8000,4.8200,4.8400,3096859,15055952.5600,-0.413200,0.496100,1,0,none,baostock,query_history_k_data_plus
,,,,,2024-05-27,4.8100,4.8600,4.7500,4.8400,4.8200,3545151,17015843.7600,0.414900,0.567900,1,0,none,baostock,query_history_k_data_plus
,,,,,2024-05-28,4.8500,4.8900,4.8000,4.8000,4.8400,2476000,11973705.0000,-0.826400,0.396600,1,0,none,baostock,query_history_k_data_plus
,,,,,2024-05-29,4.7500,4.9100,4.7500,4.8300,4.8000,3129160,15169484.9700,0.625000,0.501300,1,0,none,baostock,query_history_k_data_plus
,,,,,2024-05-30,4.8200,4.9000,4.7700,4.7900,4.8300,4535437,21909407.4000,-0.828200,0.726600,1,0,none,baostock,query_history_k_data_plus
,,,,,2024-05-31,4.8000,4.8500,4.7200,4.7900,4.7900,2958500,14148898.0000,0.000000,0.473900,1,0,none,baostock,query_history_k_data_plus
,,,,,2024-06-03,4.8000,4.8100,4.5000,4.5800,4.7900,6851537,31491902.1300,-4.384100,1.097600,1,0,none,baostock,query_history_k_data_plus
,,,,,2024-06-04,4.5300,4.5600,4.3700,4.4200,4.5800,7865412,34961932.2200,-3.493400,1.260000,1,0,none,baostock,query_history_k_data_plus
,,,,,2024-06-05,4.3700,4.5300,4.3200,4.3800,4.4200,5717515,25244135.5500,-0.905000,0.915900,1,0,none,baostock,query_history_k_data_plus
,,,,,2024-06-06,4.3300,4.4400,4.1000,4.1300,4.3800,9045300,38042077.0000,-5.707800,1.449000,1,0,none,baostock,query_history_k_data_plus
,,,,,2024-06-07,4.1800,4.4300,4.1800,4.4100,4.1300,8604215,37319206.0500,6.779700,1.378400,1,0,none,baostock,query_history_k_data_plus
,,,,,2024-06-11,4.4200,4.4300,4.2500,4.3400,4.4100,7439316,32023383.9600,-1.587300,1.191700,1,0,none,baostock,query_history_k_data_plus
,,,,,2024-06-12,4.3500,4.4600,4.3000,4.4400,4.3400,5664815,24890662.5700,2.304100,0.907500,1,0,none,baostock,query_history_k_data_plus
,,,,,2024-06-13,4.4400,4.4600,4.3400,4.3700,4.4400,4580827,20023433.4400,-1.576600,0.733800,1,0,none,baostock,query_history_k_data_plus
,,,,,2024-06-14,4.3300,4.4000,4.2800,4.3400,4.3700,4537400,19649027.0000,-0.686500,0.726900,1,0,none,baostock,query_history_k_data_plus
,,,,,2024-06-17,4.3100,4.3600,4.2200,4.2400,4.3400,4718397,20147841.9500,-2.304100,0.755900,1,0,none,baostock,query_history_k_data_plus
,,,,,2024-06-18,4.2200,4.3100,4.2000,4.3000,4.2400,3919951,16763279.7900,1.415100,0.628000,1,0,none,baostock,query_history_k_data_plus
,,,,,2024-06-19,4.2800,4.3600,4.1900,4.2200,4.3000,4176051,17709472.7100,-1.860500,0.669000,1,0,none,baostock,query_history_k_data_plus
,,,,,2024-06-20,4.2000,4.2400,4.0800,4.0900,4.2200,5886300,24309663.0000,-3.080600,0.943000,1,0,none,baostock,query_history_k_data_plus
,,,,,2024-06-21,4.1000,4.1500,4.0400,4.1100,4.0900,4289100,17613957.0000,0.489000,0.687100,1,0,none,baostock,query_history_k_data_plus
,,,,,2024-06-24,4.1100,4.1100,3.9100,3.9300,4.1100,6159100,24417618.0000,-4.379600,0.986700,1,0,none,baostock,query_history_k_data_plus
,,,,,2024-06-25,3.9500,4.0700,3.9000,4.0100,3.9300,6012940,24119462.8000,2.035600,0.963200,1,0,none,baostock,query_history_k_data_plus
,,,,,2024-06-26,4.0100,4.1600,3.9600,4.1600,4.0100,5785300,23592667.0000,3.740600,0.926800,1,0,none,baostock,query_history_k_data_plus
,,,,,2024-06-27,4.1500,4.1800,4.0600,4.0900,4.1600,4200635,17257636.1500,-1.682700,0.672900,1,0,none,baostock,query_history_k_data_plus
,,,,,2024-06-28,4.0600,4.1300,4.0300,4.0500,4.0900,5147900,21056240.0000,-0.978000,0.824700,1,0,none,baostock,query_history_k_data_plus
,,,,,2024-07-01,4.0300,4.1500,4.0100,4.1300,4.0500,4823600,19690478.0000,1.975300,0.772700,1,0,none,baostock,query_history_k_data_plus
,,,,,2024-07-02,4.1100,4.2700,4.1100,4.2400,4.1300,5580551,23533706.7300,2.663400,0.894000,1,0,none,baostock,query_history_k_data_plus
,,,,,2024-07-03,4.2200,4.2900,4.2100,4.2200,4.2400,3533355,15016155.3000,-0.471700,0.566000,1,0,none,baostock,query_history_k_data_plus
,,,,,2024-07-04,4.2200,4.2600,4.0000,4.0400,4.2200,5972355,24371315.1000,-4.265400,0.956700,1,0,none,baostock,query_history_k_data_plus
,,,,,2024-07-05,4.0600,4.1100,3.9400,4.1000,4.0400,4707237,19122480.3300,1.485100,0.754100,1,0,none,baostock,query_history_k_data_plus
,,,,,2024-07-08,4.0800,4.1000,3.9400,3.9600,4.1000,5503695,21956868.0000,-3.414600,0.881700,1,0,none,baostock,query_history_k_data_plus
,,,,,2024-07-09,3.9800,4.0100,3.8000,3.9700,3.9600,6287200,24679388.0000,0.252500,1.007200,1,0,none,baostock,query_history_k_data_plus
,,,,,2024-07-10,3.9500,3.9700,3.8700,3.8900,3.9600,4129500,16179015.0000,-1.767700,0.661500,1,0,none,baostock,query_history_k_data_plus
,,,,,2024-07-11,3.9600,4.1700,3.9600,4.1600,3.8900,7985628,32630986.1100,6.940900,1.279300,1,0,none,baostock,query_history_k_data_plus
,,,,,2024-07-12,4.1700,4.2100,4.1400,4.1800,4.1600,5510100,23003628.0000,0.480800,0.882700,1,0,none,baostock,query_history_k_data_plus
,,,,,2024-07-15,4.1500,4.2000,4.0100,4.0400,4.1800,4640000,18774370.0000,-3.349300,0.743300,1,0,none,baostock,query_history_k_data_plus
,,,,,2024-07-16,4.0200,4.0500,3.9600,3.9700,4.0400,3693691,14734323.2700,-1.732700,0.591700,1,0,none,baostock,query_history_k_data_plus
,,,,,2024-07-17,3.9600,3.9900,3.9100,3.9400,3.9700,2924100,11519994.0000,-0.755700,0.468400,1,0,none,baostock,query_history_k_data_plus
,,,,,2024-07-18,3.9200,3.9300,3.8500,3.9000,3.9400,4125800,16017732.0000,-1.015200,0.660900,1,0,none,baostock,query_history_k_data_plus
,,,,,2024-07-19,3.8800,3.9600,3.8400,3.9500,3.9000,3817300,14912906.0000,1.282100,0.611500,1,0,none,baostock,query_history_k_data_plus
,,,,,2024-07-22,3.9200,3.9900,3.9000,3.9500,3.9500,3727800,14679712.0000,0.000000,0.597200,1,0,none,baostock,query_history_k_data_plus
,,,,,2024-07-23,3.9600,4.0600,3.9000,3.9100,3.9500,5252489,20977658.8200,-1.012700,0.841400,1,0,none,baostock,query_history_k_data_plus
,,,,,2024-07-24,3.9100,3.9300,3.8300,3.8600,3.9100,4324400,16763963.0000,-1.278800,0.692700,1,0,none,baostock,query_history_k_data_plus
,,,,,2024-07-25,3.8400,3.9600,3.8200,3.9300,3.8600,3428115,13352877.7500,1.813500,0.549200,1,0,none,baostock,query_history_k_data_plus
,,,,,2024-07-26,3.9300,4.0000,3.9300,4.0000,3.9300,3399800,13537808.0000,1.781200,0.544600,1,0,none,baostock,query_history_k_data_plus
,,,,,2024-07-29,4.0000,4.0400,3.9600,4.0300,4.0000,2727518,10945833.3600,0.750000,0.436900,1,0,none,baostock,query_history_k_data_plus
,,,,,2024-07-30,4.0100,4.0800,4.0100,4.0800,4.0300,3172900,12864395.0000,1.240700,0.508300,1,0,none,baostock,query_history_k_data_plus
,,,,,2024-07-31,4.0800,4.1800,4.0600,4.1700,4.0800,5204500,21546939.0000,2.205900,0.833700,1,0,none,baostock,query_history_k_data_plus
,,,,,2024-08-01,4.1700,4.2000,4.1500,4.1700,4.1700,5478500,22865330.0000,0.000000,0.877600,1,0,none,baostock,query_history_k_data_plus
,,,,,2024-08-02,4.1400,4.2100,4.1400,4.1500,4.1700,5064236,21153033.8400,-0.479600,0.811300,1,0,none,baostock,query_history_k_data_plus
,,,,,2024-08-05,4.1100,4.1800,4.0500,4.0500,4.1500,3430700,14107712.0000,-2.409600,0.549600,1,0,none,baostock,query_history_k_data_plus
,,,,,2024-08-06,4.0700,4.1400,4.0700,4.1400,4.0500,3770839,15455412.3500,2.222200,0.604100,1,0,none,baostock,query_history_k_data_plus
,,,,,2024-08-07,4.1200,4.1700,4.1000,4.1100,4.1400,3130722,12910848.6400,-0.724600,0.501500,1,0,none,baostock,query_history_k_data_plus
,,,,,2024-08-08,4.1100,4.1600,4.0800,4.1400,4.1100,4449097,18353547.7000,0.729900,0.712700,1,0,none,baostock,query_history_k_data_plus
,,,,,2024-08-09,4.1300,4.1900,4.1000,4.1100,4.1400,3811145,15797893.7500,-0.724600,0.610500,1,0,none,baostock,query_history_k_data_plus
,,,,,2024-08-12,4.1500,4.2500,4.0500,4.0700,4.1100,7518697,31036910.7100,-0.973200,1.204500,1,0,none,baostock,query_history_k_data_plus
,,,,,2024-08-13,4.0700,4.1900,4.0200,4.1500,4.0700,8982857,37102843.0100,1.965600,1.439000,1,0,none,baostock,query_history_k_data_plus
,,,,,2024-08-14,4.1400,4.1800,4.0800,4.0800,4.1500,6604200,27277034.0000,-1.686700,1.058000,1,0,none,baostock,query_history_k_data_plus
,,,,,2024-08-15,4.0600,4.1800,4.0500,4.1700,4.0800,6269223,25955869.5100,2.205900,1.004300,1,0,none,baostock,query_history_k_data_plus
,,,,,2024-08-16,4.1600,4.2000,4.1200,4.1500,4.1700,5041300,20916780.0000,-0.479600,0.807600,1,0,none,baostock,query_history_k_data_plus
,,,,,2024-08-19,4.1300,4.3100,4.0900,4.2600,4.1500,10898398,46044904.5200,2.650600,1.745900,1,0,none,baostock,query_history_k_data_plus
,,,,,2024-08-20,4.2400,4.2500,4.0400,4.0700,4.2600,9122889,37578952.4900,-4.460100,1.461400,1,0,none,baostock,query_history_k_data_plus
,,,,,2024-08-21,4.0200,4.0900,3.9900,4.0100,4.0700,5592937,22558718.5900,-1.474200,0.896000,1,0,none,baostock,query_history_k_data_plus
,,,,,2024-08-22,4.0200,4.0500,3.8700,3.8900,4.0100,6187300,24397154.0000,-2.992500,0.991200,1,0,none,baostock,query_history_k_data_plus
,,,,,2024-08-23,3.9000,3.9000,3.7500,3.7800,3.8900,7493160,28389733.2000,-2.827800,1.200400,1,0,none,baostock,query_history_k_data_plus
,,,,,2024-08-26,3.7600,3.9100,3.7600,3.9000,3.7800,7190589,27761962.2800,3.174600,1.151900,1,0,none,baostock,query_history_k_data_plus
,,,,,2024-08-27,3.9000,3.9400,3.8200,3.8200,3.9000,4865352,18777611.6400,-2.051300,0.779400,1,0,none,baostock,query_history_k_data_plus
,,,,,2024-08-28,3.8000,3.8700,3.7100,3.8300,3.8200,5632060,21376613.4000,0.261800,0.890200,1,0,none,baostock,query_history_k_data_plus
,,,,,2024-08-29,3.8200,3.8600,3.7700,3.8400,3.8300,5598361,21425793.4100,0.261100,0.884800,1,0,none,baostock,query_history_k_data_plus
,,,,,2024-08-30,3.8300,4.0200,3.8200,3.9800,3.8400,7270700,28722791.0000,3.645800,1.149200,1,0,none,baostock,query_history_k_data_plus
,,,,,2024-09-02,3.9600,4.0700,3.9200,3.9200,3.9800,6199100,24735322.0000,-1.507500,0.979800,1,0,none,baostock,query_history_k_data_plus
,,,,,2024-09-03,3.9300,3.9800,3.9100,3.9600,3.9200,4036461,15913516.1200,1.020400,0.638000,1,0,none,baostock,query_history_k_data_plus
,,,,,2024-09-04,3.9200,3.9600,3.8700,3.8900,3.9600,3789300,14813990.0000,-1.767700,0.598900,1,0,none,baostock,query_history_k_data_plus
,,,,,2024-09-05,3.8800,3.9300,3.8600,3.9300,3.8900,3079400,12040088.0000,1.028300,0.486700,1,0,none,baostock,query_history_k_data_plus
,,,,,2024-09-06,3.9300,3.9500,3.8400,3.8600,3.9300,3479600,13541882.0000,-1.781200,0.550000,1,0,none,baostock,query_history_k_data_plus
,,,,,2024-09-09,3.8500,3.9200,3.8000,3.8700,3.8600,4228000,16352753.0000,0.259100,0.668200,1,0,none,baostock,query_history_k_data_plus
,,,,,2024-09-10,3.8600,3.9000,3.7900,3.8800,3.8700,3533500,13567908.0000,0.258400,0.558500,1,0,none,baostock,query_history_k_data_plus
,,,,,2024-09-11,3.8700,3.8800,3.8100,3.8300,3.8800,3374911,12996530.2400,-1.288700,0.533400,1,0,none,baostock,query_history_k_data_plus
,,,,,2024-09-12,3.8400,3.9400,3.8300,3.9100,3.8300,5211200,20370809.0000,2.088800,0.823600,1,0,none,baostock,query_history_k_data_plus
,,,,,2024-09-13,3.9300,3.9300,3.8500,3.8700,3.9100,3187800,12377542.2800,-1.023000,0.503800,1,0,none,baostock,query_history_k_data_plus
,,,,,2024-09-18,3.8900,3.8900,3.7100,3.7800,3.8700,4672800,17607435.0000,-2.325600,0.738500,1,0,none,baostock,query_history_k_data_plus
,,,,,2024-09-19,3.8000,3.9400,3.7700,3.9300,3.7800,6543872,25437394.5200,3.968300,1.034300,1,0,none,baostock,query_history_k_data_plus
,,,,,2024-09-20,3.9300,3.9300,3.8500,3.8800,3.9300,3990600,15461755.0000,-1.272300,0.630700,1,0,none,baostock,query_history_k_data_plus
,,,,,2024-09-23,3.8800,3.9200,3.8300,3.8600,3.8800,3868938,14940883.9200,-0.515500,0.611500,1,0,none,baostock,query_history_k_data_plus
,,,,,2024-09-24,3.8900,4.0500,3.8900,4.0500,3.8600,9449587,37614743.7400,4.922300,1.493500,1,0,none,baostock,query_history_k_data_plus
,,,,,2024-09-25,4.0600,4.2100,4.0600,4.1500,4.0500,10442274,43333174.8400,2.469100,1.650400,1,0,none,baostock,query_history_k_data_plus
,,,,,2024-09-26,4.1100,4.3300,4.1000,4.3200,4.1500,16417431,69517594.4400,4.096400,2.594800,1,0,none,baostock,query_history_k_data_plus
,,,,,2024-09-27,4.3900,4.6000,4.3000,4.5100,4.3200,23388112,103698624.7300,4.398100,3.696500,1,0,none,baostock,query_history_k_data_plus
,,,,,2024-09-30,4.6800,5.2400,4.6100,5.1400,4.5100,33530587,164334771.0900,13.969000,5.299600,1,0,none,baostock,query_history_k_data_plus
,,,,,2024-10-08,6.1600,6.1600,5.4600,5.8600,5.1400,45673308,263667245.7000,14.007800,7.218800,1,0,none,baostock,query_history_k_data_plus
,,,,,2024-10-09,5.5600,5.5700,5.0200,5.0700,5.8600,28913483,153570554.8400,-13.481200,4.569800,1,0,none,baostock,query_history_k_data_plus
,,,,,2024-10-10,5.1000,5.3300,4.9500,5.1600,5.0700,19146184,98634976.5400,1.775100,3.026100,1,0,none,baostock,query_history_k_data_plus
,,,,,2024-10-11,5.0900,5.1200,4.7800,4.8700,5.1600,14725174,72939470.9200,-5.620200,2.327400,1,0,none,baostock,query_history_k_data_plus
,,,,,2024-10-14,4.8900,5.0300,4.8600,5.0100,4.8700,11736920,58256262.0000,2.874700,1.855000,1,0,none,baostock,query_history_k_data_plus
,,,,,2024-10-15,4.9800,5.0700,4.9000,4.9200,5.0100,10955557,54609485.5000,-1.796400,1.731600,1,0,none,baostock,query_history_k_data_plus
,,,,,2024-10-16,4.8700,4.9600,4.7800,4.9100,4.9200,7613232,37324554.7600,-0.203300,1.203300,1,0,none,baostock,query_history_k_data_plus
,,,,,2024-10-17,4.9000,4.9800,4.8400,4.8500,4.9100,9727068,47756580.5600,-1.222000,1.537400,1,0,none,baostock,query_history_k_data_plus
,,,,,2024-10-18,4.8300,5.1300,4.7900,5.0300,4.8500,14093110,69575722.3000,3.711300,2.227500,1,0,none,baostock,query_history_k_data_plus
,,,,,2024-10-21,5.0500,5.1300,5.0000,5.0500,5.0300,13304638,67334533.9600,0.397600,2.102800,1,0,none,baostock,query_history_k_data_plus
,,,,,2024-10-22,5.0400,5.1800,5.0100,5.1800,5.0500,12048774,61621637.9600,2.574300,1.904300,1,0,none,baostock,query_history_k_data_plus
,,,,,2024-10-23,5.2300,5.3800,5.1600,5.2500,5.1800,16378153,86202103.4200,1.351400,2.588600,1,0,none,baostock,query_history_k_data_plus
,,,,,2024-10-24,5.2000,5.2200,5.1000,5.1600,5.2500,9088212,46854522.8000,-1.714300,1.436400,1,0,none,baostock,query_history_k_data_plus
,,,,,2024-10-25,5.1200,5.2800,5.1000,5.2700,5.1600,13451477,70051968.8600,2.131800,2.126000,1,0,none,baostock,query_history_k_data_plus
,,,,,2024-10-28,5.2800,5.5700,5.2800,5.5600,5.2700,24877508,136574733.3200,5.502800,3.932000,1,0,none,baostock,query_history_k_data_plus
,,,,,2024-10-29,5.5300,5.5600,5.2400,5.2700,5.5600,19832100,106597827.0000,-5.215800,3.134500,1,0,none,baostock,query_history_k_data_plus
,,,,,2024-10-30,5.2600,5.4300,5.2100,5.4000,5.2700,18247131,96904709.9700,2.466800,2.884000,1,0,none,baostock,query_history_k_data_plus
,,,,,2024-10-31,5.3600,5.4900,5.3400,5.3700,5.4000,15042109,81249504.9600,-0.555600,2.377400,1,0,none,baostock,query_history_k_data_plus
,,,,,2024-11-01,5.3700,5.3900,5.1300,5.1400,5.3700,12621177,65898610.2200,-4.283100,1.994800,1,0,none,baostock,query_history_k_data_plus
,,,,,2024-11-04,5.1300,5.1800,5.0700,5.1800,5.1400,9084023,46629286.8300,0.778200,1.435800,1,0,none,baostock,query_history_k_data_plus
,,,,,2024-11-05,5.1800,5.3600,5.1600,5.3500,5.1800,12990847,68910739.9800,3.281900,2.053200,1,0,none,baostock,query_history_k_data_plus
,,,,,2024-11-06,5.3900,5.5200,5.3200,5.4300,5.3500,17500316,95122203.8300,1.495300,2.766000,1,0,none,baostock,query_history_k_data_plus
,,,,,2024-11-07,5.4000,5.8900,5.3700,5.8200,5.4300,30200394,171770166.4000,7.182300,4.773200,1,0,none,baostock,query_history_k_data_plus
,,,,,2024-11-08,5.8400,5.9500,5.6800,5.7100,5.8200,22411244,129125410.5000,-1.890000,3.542200,1,0,none,baostock,query_history_k_data_plus
,,,,,2024-11-11,5.7000,5.7800,5.5600,5.7700,5.7100,14485349,82655552.3600,1.050800,2.289400,1,0,none,baostock,query_history_k_data_plus
,,,,,2024-11-12,5.7500,5.8300,5.5700,5.6400,5.7700,14732388,84194321.5700,-2.253000,2.328500,1,0,none,baostock,query_history_k_data_plus
,,,,,2024-11-13,5.6000,5.6900,5.4600,5.6000,5.6400,12439372,69055758.5600,-0.709200,1.966100,1,0,none,baostock,query_history_k_data_plus
,,,,,2024-11-14,5.5800,5.8500,5.4200,5.4500,5.6000,16386087,91638769.4600,-2.678600,2.589900,1,0,none,baostock,query_history_k_data_plus
,,,,,2024-11-15,5.4000,5.5000,5.2900,5.3000,5.4500,10481100,56757811.0000,-2.752300,1.656600,1,0,none,baostock,query_history_k_data_plus
,,,,,2024-11-18,5.3800,5.6300,5.2900,5.4000,5.3000,19861893,108889858.8500,1.886800,3.139200,1,0,none,baostock,query_history_k_data_plus
,,,,,2024-11-19,5.4400,5.6400,5.2800,5.6400,5.4000,20161402,110232232.1600,4.444400,3.186600,1,0,none,baostock,query_history_k_data_plus
,,,,,2024-11-20,5.6000,5.8200,5.5400,5.7700,5.6400,20865150,118503862.0000,2.305000,3.297800,1,0,none,baostock,query_history_k_data_plus
,,,,,2024-11-21,5.7300,5.8500,5.6200,5.6900,5.7700,13435992,76679532.9400,-1.386500,2.123600,1,0,none,baostock,query_history_k_data_plus
,,,,,2024-11-22,5.6700,5.7800,5.5100,5.5300,5.6900,13948396,79085116.2600,-2.812000,2.204600,1,0,none,baostock,query_history_k_data_plus
,,,,,2024-11-25,5.5800,5.6400,5.4400,5.6300,5.5300,11947351,66114196.2300,1.808300,1.888300,1,0,none,baostock,query_history_k_data_plus
,,,,,2024-11-26,5.6200,5.7100,5.5300,5.6500,5.6300,15400895,86881511.9900,0.355200,2.434200,1,0,none,baostock,query_history_k_data_plus
,,,,,2024-11-27,5.6100,5.6100,5.3500,5.5800,5.6500,12090000,66191814.0000,-1.238900,1.910900,1,0,none,baostock,query_history_k_data_plus
,,,,,2024-11-28,5.5700,5.8200,5.5500,5.7100,5.5800,19009112,108865660.8800,2.329700,3.004400,1,0,none,baostock,query_history_k_data_plus
,,,,,2024-11-29,5.7100,5.7500,5.5800,5.6800,5.7100,14668000,83150170.0000,-0.525400,2.318300,1,0,none,baostock,query_history_k_data_plus
,,,,,2024-12-02,5.7400,5.8500,5.6800,5.8200,5.6800,14438854,83578240.1300,2.464800,2.282100,1,0,none,baostock,query_history_k_data_plus
,,,,,2024-12-03,5.8400,5.9300,5.7300,5.8900,5.8200,15814700,92559466.0000,1.202700,2.499600,1,0,none,baostock,query_history_k_data_plus
,,,,,2024-12-04,5.8900,6.0500,5.7300,5.7700,5.8900,17183100,101351154.0000,-2.037400,2.715800,1,0,none,baostock,query_history_k_data_plus
,,,,,2024-12-05,5.7500,5.8200,5.7100,5.7700,5.7700,13522461,77914092.9700,0.000000,2.137300,1,0,none,baostock,query_history_k_data_plus
,,,,,2024-12-06,5.7700,5.9700,5.7500,5.9600,5.7700,15196300,89463041.0000,3.292900,2.401800,1,0,none,baostock,query_history_k_data_plus
,,,,,2024-12-09,5.9500,6.0000,5.7700,5.8300,5.9600,12752700,74701979.0000,-2.181200,2.015600,1,0,none,baostock,query_history_k_data_plus
,,,,,2024-12-10,5.9600,6.0500,5.7800,5.8000,5.8300,13802600,81392112.0000,-0.514600,2.181500,1,0,none,baostock,query_history_k_data_plus
,,,,,2024-12-11,5.7600,5.9100,5.7500,5.9100,5.8000,11051300,64896111.0000,1.896600,1.746700,1,0,none,baostock,query_history_k_data_plus
,,,,,2024-12-12,5.9100,5.9400,5.8100,5.9300,5.9100,10763400,63207668.0000,0.338400,1.701200,1,0,none,baostock,query_history_k_data_plus
,,,,,2024-12-13,5.9000,5.9000,5.7000,5.7500,5.9300,12879800,74745295.0000,-3.035400,2.035700,1,0,none,baostock,query_history_k_data_plus
,,,,,2024-12-16,5.7200,5.8600,5.7100,5.7700,5.7500,9184800,53296920.0000,0.347800,1.451700,1,0,none,baostock,query_history_k_data_plus
,,,,,2024-12-17,5.8100,5.8100,5.3200,5.3400,5.7700,18836303,102755944.4100,-7.452300,2.977100,1,0,none,baostock,query_history_k_data_plus
,,,,,2024-12-18,5.3400,5.4400,5.2200,5.3300,5.3400,11633828,62302914.6800,-0.187300,1.838800,1,0,none,baostock,query_history_k_data_plus
,,,,,2024-12-19,5.2400,5.3500,5.1500,5.2700,5.3300,8640200,45221173.0000,-1.125700,1.365600,1,0,none,baostock,query_history_k_data_plus
,,,,,2024-12-20,5.2700,5.3600,5.2100,5.2500,5.2700,8635800,45613003.0000,-0.379500,1.364900,1,0,none,baostock,query_history_k_data_plus
,,,,,2024-12-23,5.2900,5.2900,5.0400,5.0700,5.2500,11767300,60034310.0000,-3.428600,1.859900,1,0,none,baostock,query_history_k_data_plus
,,,,,2024-12-24,5.0700,5.1600,4.9900,5.0800,5.0700,9318500,47160867.0000,0.197200,1.472800,1,0,none,baostock,query_history_k_data_plus
,,,,,2024-12-25,5.0900,5.0900,4.8400,4.9400,5.0800,9240500,45443654.0000,-2.755900,1.460500,1,0,none,baostock,query_history_k_data_plus
,,,,,2024-12-26,4.9400,5.0200,4.9200,4.9300,4.9400,6284133,31219884.3600,-0.202400,0.993200,1,0,none,baostock,query_history_k_data_plus
,,,,,2024-12-27,4.9400,5.0800,4.9100,5.0400,4.9300,6650300,33379586.0000,2.231200,1.051100,1,0,none,baostock,query_history_k_data_plus
,,,,,2024-12-30,5.0100,5.0200,4.8700,4.9100,5.0400,6724600,33017836.0000,-2.579400,1.062800,1,0,none,baostock,query_history_k_data_plus
,,,,,2024-12-31,4.9100,4.9800,4.7900,4.7900,4.9100,6898500,33613565.0000,-2.444000,1.090300,1,0,none,baostock,query_history_k_data_plus
,,,,,2025-01-02,4.8200,4.8700,4.6500,4.7100,4.7900,8184000,38936850.0000,-1.670100,1.293500,1,0,none,baostock,query_history_k_data_plus
,,,,,2025-01-03,4.7100,4.7500,4.4900,4.5000,4.7100,10346531,47563790.5000,-4.458600,1.635300,1,0,none,baostock,query_history_k_data_plus
,,,,,2025-01-06,4.5100,4.5600,4.3200,4.5000,4.5000,7263004,32369469.8800,0.000000,1.147900,1,0,none,baostock,query_history_k_data_plus
,,,,,2025-01-07,4.5000,4.5900,4.4400,4.5900,4.5000,6556300,29586129.0000,2.000000,1.036200,1,0,none,baostock,query_history_k_data_plus
,,,,,2025-01-08,4.5400,4.6000,4.3900,4.5500,4.5900,9014148,40721919.0100,-0.871500,1.424700,1,0,none,baostock,query_history_k_data_plus
,,,,,2025-01-09,4.5400,4.6100,4.5000,4.5500,4.5500,5978345,27240827.7500,0.000000,0.944900,1,0,none,baostock,query_history_k_data_plus
,,,,,2025-01-10,4.5600,4.5900,4.3700,4.3800,4.5500,6141600,27453163.0000,-3.736300,0.970700,1,0,none,baostock,query_history_k_data_plus
,,,,,2025-01-13,4.3400,4.4500,4.2500,4.4100,4.3800,5756700,25130546.0000,0.684900,0.909900,1,0,none,baostock,query_history_k_data_plus
,,,,,2025-01-14,4.4300,4.6400,4.4300,4.6300,4.4100,7302900,33297297.0000,4.988700,1.154200,1,0,none,baostock,query_history_k_data_plus
,,,,,2025-01-15,4.6300,4.6700,4.5700,4.6400,4.6300,5519033,25468347.7900,0.216000,0.872300,1,0,none,baostock,query_history_k_data_plus
,,,,,2025-01-16,4.6400,4.7600,4.6100,4.6600,4.6400,6518033,30584369.1200,0.431000,1.030200,1,0,none,baostock,query_history_k_data_plus
,,,,,2025-01-17,4.6500,4.6600,4.5800,4.6100,4.6600,4850300,22405258.0000,-1.073000,0.766600,1,0,none,baostock,query_history_k_data_plus
,,,,,2025-01-20,4.6200,4.7000,4.5400,4.6600,4.6100,5826500,27045895.0000,1.084600,0.920900,1,0,none,baostock,query_history_k_data_plus
,,,,,2025-01-21,4.6800,4.7500,4.5500,4.6000,4.6600,6638200,30531537.0000,-1.287600,1.049200,1,0,none,baostock,query_history_k_data_plus
,,,,,2025-01-22,4.5800,4.5800,4.4900,4.5300,4.6000,4487700,20298004.0000,-1.521700,0.709300,1,0,none,baostock,query_history_k_data_plus
,,,,,2025-01-23,4.6500,4.7000,4.5700,4.5700,4.5300,7168208,33319726.0000,0.883000,1.133000,1,0,none,baostock,query_history_k_data_plus
,,,,,2025-01-24,4.5500,4.6100,4.5000,4.5900,4.5700,5467757,24918323.4900,0.437600,0.864200,1,0,none,baostock,query_history_k_data_plus
,,,,,2025-01-27,4.7000,5.5000,4.7000,4.9100,4.5900,27432272,137104136.5200,6.971700,4.335700,1,0,none,baostock,query_history_k_data_plus
,,,,,2025-02-05,4.9200,4.9900,4.8300,4.9300,4.9100,21645028,106529301.3800,0.407300,3.421100,1,0,none,baostock,query_history_k_data_plus
,,,,,2025-02-06,4.9200,4.9900,4.8400,4.9900,4.9300,13906852,68519006.2800,1.217000,2.198000,1,0,none,baostock,query_history_k_data_plus
,,,,,2025-02-07,4.9700,5.0600,4.9600,5.0300,4.9900,15469402,77586459.5400,0.801600,2.445000,1,0,none,baostock,query_history_k_data_plus
,,,,,2025-02-10,5.0500,5.2300,5.0000,5.2300,5.0300,15597685,80182557.3200,3.976100,2.465300,1,0,none,baostock,query_history_k_data_plus
,,,,,2025-02-11,5.2200,5.2300,5.0800,5.1300,5.2300,10053225,51441880.8500,-1.912000,1.588900,1,0,none,baostock,query_history_k_data_plus
,,,,,2025-02-12,5.1100,5.1600,5.0500,5.1300,5.1300,10494200,53641437.0000,0.000000,1.658600,1,0,none,baostock,query_history_k_data_plus
,,,,,2025-02-13,5.1200,5.1500,5.0800,5.0900,5.1300,7785800,39807729.0000,-0.779700,1.230600,1,0,none,baostock,query_history_k_data_plus
,,,,,2025-02-14,5.0600,5.1200,5.0500,5.1000,5.0900,7247003,36870357.2100,0.196500,1.145400,1,0,none,baostock,query_history_k_data_plus
,,,,,2025-02-17,5.0900,5.3400,5.0800,5.3200,5.1000,17597281,92550867.2500,4.313700,2.781300,1,0,none,baostock,query_history_k_data_plus
,,,,,2025-02-18,5.3000,5.3300,5.1300,5.1500,5.3200,10275794,53621734.9600,-3.195500,1.624100,1,0,none,baostock,query_history_k_data_plus
,,,,,2025-02-19,5.1400,5.2000,5.1100,5.1600,5.1500,7653704,39402132.5600,0.194200,1.209700,1,0,none,baostock,query_history_k_data_plus
,,,,,2025-02-20,5.1400,5.2500,5.1200,5.2100,5.1600,8273200,42839395.0000,0.969000,1.307600,1,0,none,baostock,query_history_k_data_plus
,,,,,2025-02-21,5.2000,5.2300,5.1200,5.1600,5.2100,6875100,35484325.0000,-0.959700,1.086600,1,0,none,baostock,query_history_k_data_plus
,,,,,2025-02-24,5.1300,5.2800,5.1300,5.2300,5.1600,11666745,60813400.5500,1.356600,1.844000,1,0,none,baostock,query_history_k_data_plus
,,,,,2025-02-25,5.2000,5.2600,5.1500,5.2100,5.2300,7087245,36908518.2500,-0.382400,1.120200,1,0,none,baostock,query_history_k_data_plus
,,,,,2025-02-26,5.2300,5.2900,5.2000,5.2900,5.2100,9184640,48229515.6000,1.535500,1.451700,1,0,none,baostock,query_history_k_data_plus
,,,,,2025-02-27,5.2800,5.3600,5.1300,5.2200,5.2900,8485900,44380804.0000,-1.323300,1.341200,1,0,none,baostock,query_history_k_data_plus
,,,,,2025-02-28,5.2200,5.2200,5.0200,5.0300,5.2200,7457444,38055270.6700,-3.639800,1.178700,1,0,none,baostock,query_history_k_data_plus
,,,,,2025-03-03,5.0600,5.1900,5.0400,5.0900,5.0300,8916939,45658762.3300,1.192800,1.409300,1,0,none,baostock,query_history_k_data_plus
,,,,,2025-03-04,5.1200,5.1200,5.0400,5.1100,5.0900,6950200,35273272.0000,0.392900,1.098500,1,0,none,baostock,query_history_k_data_plus
,,,,,2025-03-05,5.1300,5.1300,4.9400,5.0400,5.1100,9262572,46338815.1200,-1.369900,1.464000,1,0,none,baostock,query_history_k_data_plus
,,,,,2025-03-06,5.0800,5.1500,5.0200,5.1300,5.0400,8251583,42143359.1300,1.785700,1.304200,1,0,none,baostock,query_history_k_data_plus
,,,,,2025-03-07,5.1300,5.2100,5.0700,5.0900,5.1300,9968372,51275625.4800,-0.779700,1.575500,1,0,none,baostock,query_history_k_data_plus
,,,,,2025-03-10,5.1000,5.2700,5.1000,5.1700,5.0900,9727800,50556202.0000,1.571700,1.537500,1,0,none,baostock,query_history_k_data_plus
,,,,,2025-03-11,5.1300,5.2400,5.0800,5.2100,5.1700,7668348,39756483.2000,0.773700,1.212000,1,0,none,baostock,query_history_k_data_plus
,,,,,2025-03-12,5.2300,5.2400,5.1600,5.1800,5.2100,8017000,41550647.0000,-0.575800,1.267100,1,0,none,baostock,query_history_k_data_plus
,,,,,2025-03-13,5.1600,5.2000,5.0600,5.1400,5.1800,7160700,36585258.0000,-0.772200,1.131800,1,0,none,baostock,query_history_k_data_plus
,,,,,2025-03-14,5.1500,5.2500,5.1000,5.2500,5.1400,10583000,54984340.0000,2.140100,1.672700,1,0,none,baostock,query_history_k_data_plus
,,,,,2025-03-17,5.2800,5.3100,5.2300,5.2700,5.2500,10771615,56776061.5000,0.381000,1.702500,1,0,none,baostock,query_history_k_data_plus
,,,,,2025-03-18,5.2800,5.4500,5.2500,5.3400,5.2700,13027702,69265046.8600,1.328300,2.059100,1,0,none,baostock,query_history_k_data_plus
,,,,,2025-03-19,5.3000,5.3200,5.2400,5.2700,5.3400,8815215,46422103.7500,-1.310900,1.393300,1,0,none,baostock,query_history_k_data_plus
,,,,,2025-03-20,5.2800,5.4800,5.2500,5.3900,5.2700,14794500,79550540.0000,2.277000,2.338300,1,0,none,baostock,query_history_k_data_plus
,,,,,2025-03-21,5.4100,5.5200,5.3600,5.4200,5.3900,15958583,86841673.7700,0.556600,2.522300,1,0,none,baostock,query_history_k_data_plus
,,,,,2025-03-24,5.4400,5.4600,5.0500,5.1600,5.4200,15734700,81909534.0000,-4.797000,2.486900,1,0,none,baostock,query_history_k_data_plus
,,,,,2025-03-25,5.1300,5.3500,5.1100,5.2800,5.1600,16193868,84785653.6800,2.325600,2.559500,1,0,none,baostock,query_history_k_data_plus
,,,,,2025-03-26,5.2500,5.4300,5.2300,5.4000,5.2800,13372245,72058507.1000,2.272700,2.113500,1,0,none,baostock,query_history_k_data_plus
,,,,,2025-03-27,5.3900,5.3900,5.2400,5.2800,5.4000,10950480,58006482.0000,-2.222200,1.730800,1,0,none,baostock,query_history_k_data_plus
,,,,,2025-03-28,5.2800,5.3200,5.1500,5.1500,5.2800,8418376,43837836.2000,-2.462100,1.330500,1,0,none,baostock,query_history_k_data_plus
,,,,,2025-03-31,5.1100,5.1500,4.9800,5.0500,5.1500,8769780,44277809.2000,-1.941700,1.386100,1,0,none,baostock,query_history_k_data_plus
,,,,,2025-04-01,5.0500,5.2800,5.0500,5.2200,5.0500,9599780,49850076.0000,3.366300,1.517300,1,0,none,baostock,query_history_k_data_plus
,,,,,2025-04-02,5.1800,5.3100,5.1600,5.1800,5.2200,7819488,40838248.4000,-0.766300,1.235900,1,0,none,baostock,query_history_k_data_plus
,,,,,2025-04-03,5.1500,5.3200,5.1200,5.2400,5.1800,7534304,39517096.1200,1.158300,1.190800,1,0,none,baostock,query_history_k_data_plus
,,,,,2025-04-07,5.0300,5.0600,4.2600,4.3800,5.2400,21171754,98525678.9600,-16.412200,3.346200,1,0,none,baostock,query_history_k_data_plus
,,,,,2025-04-08,4.4600,4.6700,4.4600,4.5600,4.3800,15359868,70070772.8800,4.109600,2.427700,1,0,none,baostock,query_history_k_data_plus
,,,,,2025-04-09,4.4600,4.7800,4.2400,4.7300,4.5600,14982800,67770178.8800,3.728100,2.368100,1,0,none,baostock,query_history_k_data_plus
,,,,,2025-04-10,4.7800,4.9200,4.7800,4.8100,4.7300,9774300,47497890.0000,1.691300,1.544900,1,0,none,baostock,query_history_k_data_plus
,,,,,2025-04-11,4.7400,4.8600,4.7400,4.7900,4.8100,5953200,28678684.0000,-0.415800,0.940900,1,0,none,baostock,query_history_k_data_plus
,,,,,2025-04-14,4.8300,4.9100,4.8100,4.8400,4.7900,6542603,31833112.5800,1.043800,1.034100,1,0,none,baostock,query_history_k_data_plus
,,,,,2025-04-15,4.8300,4.9400,4.8200,4.9200,4.8400,6814300,33289162.0000,1.652900,1.077000,1,0,none,baostock,query_history_k_data_plus
,,,,,2025-04-16,4.9200,4.9300,4.6800,4.7700,4.9200,8158200,38999471.0000,-3.048800,1.289400,1,0,none,baostock,query_history_k_data_plus
,,,,,2025-04-17,4.7600,5.0500,4.7400,5.0000,4.7700,15335252,75875358.3200,4.821800,2.423800,1,0,none,baostock,query_history_k_data_plus
,,,,,2025-04-18,4.9700,5.0800,4.9000,4.9900,5.0000,12087106,60194635.4600,-0.200000,1.910400,1,0,none,baostock,query_history_k_data_plus
,,,,,2025-04-21,4.9900,5.1500,4.9800,5.1100,4.9900,9306244,47300251.9600,2.404800,1.470900,1,0,none,baostock,query_history_k_data_plus
,,,,,2025-04-22,5.1100,5.1500,5.0700,5.1200,5.1100,6877439,35160669.6200,0.195700,1.087000,1,0,none,baostock,query_history_k_data_plus
,,,,,2025-04-23,5.1000,5.1600,5.0600,5.0800,5.1200,7057500,35939763.0000,-0.781300,1.115500,1,0,none,baostock,query_history_k_data_plus
,,,,,2025-04-24,5.0600,5.1300,5.0300,5.0800,5.0800,6875111,34973441.9900,0.000000,1.086600,1,0,none,baostock,query_history_k_data_plus
,,,,,2025-04-25,5.0900,5.1400,5.0500,5.1000,5.0800,6102300,31136790.0000,0.393700,0.964500,1,0,none,baostock,query_history_k_data_plus
,,,,,2025-04-28,5.0500,5.1100,4.9400,5.0800,5.1000,11063200,55671147.0000,-0.392200,1.748600,1,0,none,baostock,query_history_k_data_plus
,,,,,2025-04-29,5.0300,5.1600,5.0300,5.0900,5.0800,6152800,31434040.0000,0.196900,0.972500,1,0,none,baostock,query_history_k_data_plus
,,,,,2025-04-30,5.0900,5.1600,5.0200,5.0700,5.0900,8829700,45021822.0000,-0.392900,1.395600,1,0,none,baostock,query_history_k_data_plus
,,,,,2025-05-06,5.0700,5.2500,5.0600,5.2300,5.0700,14249600,73354698.1000,3.155800,2.252200,1,0,none,baostock,query_history_k_data_plus
,,,,,2025-05-07,5.3000,5.3000,5.1800,5.2100,5.2300,12268600,64394224.0000,-0.382400,1.939100,1,0,none,baostock,query_history_k_data_plus
,,,,,2025-05-08,5.1800,5.5400,5.1600,5.4900,5.2100,27269300,147744640.0000,5.374300,4.310000,1,0,none,baostock,query_history_k_data_plus
,,,,,2025-05-09,5.4800,5.5200,5.3300,5.3600,5.4900,16951800,91343978.0000,-2.367900,2.679300,1,0,none,baostock,query_history_k_data_plus
,,,,,2025-05-12,5.3900,5.4200,5.2600,5.3100,5.3600,11530900,61147060.0000,-0.932800,1.822500,1,0,none,baostock,query_history_k_data_plus
,,,,,2025-05-13,5.3800,5.3900,5.2400,5.3000,5.3100,10117300,53749997.0000,-0.188300,1.599100,1,0,none,baostock,query_history_k_data_plus
,,,,,2025-05-14,5.3000,5.3200,5.2400,5.3100,5.3000,9105900,48156252.0000,0.188700,1.439200,1,0,none,baostock,query_history_k_data_plus
,,,,,2025-05-15,5.2900,5.3000,5.2000,5.2600,5.3100,10643200,55814535.0000,-0.941600,1.682200,1,0,none,baostock,query_history_k_data_plus
,,,,,2025-05-16,5.2600,5.2900,5.2200,5.2400,5.2600,5879606,30864069.5000,-0.380200,0.929300,1,0,none,baostock,query_history_k_data_plus
,,,,,2025-05-19,5.2800,5.3600,5.2200,5.3000,5.2400,8953406,47391685.4400,1.145000,1.415100,1,0,none,baostock,query_history_k_data_plus
,,,,,2025-05-20,5.3200,5.3500,5.2400,5.3100,5.3000,8949050,47251608.0000,0.188700,1.414400,1,0,none,baostock,query_history_k_data_plus
,,,,,2025-05-21,5.3100,5.3400,5.2400,5.3400,5.3100,9937456,52620002.1200,0.565000,1.570600,1,0,none,baostock,query_history_k_data_plus
,,,,,2025-05-22,5.3300,5.5400,5.2600,5.3700,5.3400,18251300,98550137.0000,0.561800,2.884700,1,0,none,baostock,query_history_k_data_plus
,,,,,2025-05-23,5.3400,5.3500,5.2400,5.2400,5.3700,10635300,56235088.2200,-2.420900,1.680900,1,0,none,baostock,query_history_k_data_plus
,,,,,2025-05-26,5.2500,5.3200,5.2200,5.2600,5.2400,6466200,34050014.0000,0.381700,1.022000,1,0,none,baostock,query_history_k_data_plus
,,,,,2025-05-27,5.2600,5.3500,5.2000,5.3400,5.2600,9499111,50091892.6300,1.520900,1.501400,1,0,none,baostock,query_history_k_data_plus
,,,,,2025-05-28,5.4100,5.9800,5.3800,5.7300,5.3400,52068424,297594134.5400,7.303400,8.229500,1,0,none,baostock,query_history_k_data_plus
,,,,,2025-05-29,5.7100,5.7500,5.5500,5.6600,5.7300,33448034,188850197.4300,-1.221600,5.286500,1,0,none,baostock,query_history_k_data_plus
,,,,,2025-05-30,5.6800,5.7400,5.5300,5.5700,5.6600,19698829,110223113.5300,-1.590100,3.113400,1,0,none,baostock,query_history_k_data_plus
,,,,,2025-06-03,5.5500,5.6300,5.4600,5.6100,5.5700,17564572,97941187.2000,0.718100,2.776100,1,0,none,baostock,query_history_k_data_plus
,,,,,2025-06-04,5.6000,5.6200,5.5100,5.5700,5.6100,14915017,82832416.0700,-0.713000,2.357400,1,0,none,baostock,query_history_k_data_plus
,,,,,2025-06-05,5.5800,5.6000,5.5300,5.5900,5.5700,10642517,59189007.3800,0.359100,1.682100,1,0,none,baostock,query_history_k_data_plus
,,,,,2025-06-06,5.6000,5.6600,5.5300,5.5500,5.5900,12025442,67203691.0400,-0.715600,1.900700,1,0,none,baostock,query_history_k_data_plus
,,,,,2025-06-09,5.5700,5.5900,5.5100,5.5700,5.5500,9199388,51152649.4000,0.360400,1.454000,1,0,none,baostock,query_history_k_data_plus
,,,,,2025-06-10,5.5800,5.7600,5.5400,5.6500,5.5700,25106938,142198218.1000,1.436300,3.968200,1,0,none,baostock,query_history_k_data_plus
,,,,,2025-06-11,5.6400,5.7000,5.5900,5.5900,5.6500,13348674,75129593.6600,-1.061900,2.109800,1,0,none,baostock,query_history_k_data_plus
,,,,,2025-06-12,5.5800,5.6100,5.5100,5.5600,5.5900,8593325,47710574.0800,-0.536700,1.358200,1,0,none,baostock,query_history_k_data_plus
,,,,,2025-06-13,5.6500,5.7700,5.5000,5.5200,5.5600,20683887,116341830.3700,-0.719400,3.269100,1,0,none,baostock,query_history_k_data_plus
,,,,,2025-06-16,5.6100,5.8800,5.6100,5.8200,5.5200,35681996,205884119.0900,5.434800,5.639600,1,0,none,baostock,query_history_k_data_plus
,,,,,2025-06-17,5.8000,5.8200,5.6600,5.7100,5.8200,22017880,125545828.2000,-1.890000,3.480000,1,0,none,baostock,query_history_k_data_plus
,,,,,2025-06-18,5.6800,5.7500,5.5800,5.6100,5.7100,14563197,82249443.9300,-1.751300,2.301700,1,0,none,baostock,query_history_k_data_plus
,,,,,2025-06-19,5.6000,6.2800,5.4400,6.0900,5.6100,59790901,349357996.3500,8.556100,9.450100,1,0,none,baostock,query_history_k_data_plus
,,,,,2025-06-20,6.0200,6.0700,5.7500,5.7900,6.0900,38047433,223231715.1200,-4.926100,6.013500,1,0,none,baostock,query_history_k_data_plus
,,,,,2025-06-23,5.8900,5.9800,5.8100,5.9400,5.7900,34599000,204119277.0000,2.590700,5.468500,1,0,none,baostock,query_history_k_data_plus
,,,,,2025-06-24,5.6900,5.7100,5.5100,5.6800,5.9400,36222154,204407832.7200,-4.377100,5.725000,1,0,none,baostock,query_history_k_data_plus
,,,,,2025-06-25,5.6400,5.7000,5.5800,5.6600,5.6800,21281543,119831751.0500,-0.352100,3.363600,1,0,none,baostock,query_history_k_data_plus
,,,,,2025-06-26,5.6200,5.8200,5.6100,5.7600,5.6600,24014500,137399892.9800,1.766800,3.795600,1,0,none,baostock,query_history_k_data_plus
,,,,,2025-06-27,5.7300,5.7800,5.6900,5.7000,5.7600,15306500,87680784.0000,-1.041700,2.419200,1,0,none,baostock,query_history_k_data_plus
,,,,,2025-06-30,5.7000,5.7400,5.6700,5.7400,5.7000,10815500,61723834.0000,0.701800,1.709400,1,0,none,baostock,query_history_k_data_plus
,,,,,2025-07-01,5.7400,5.9100,5.7200,5.8900,5.7400,25219289,147495329.3300,2.613200,3.986000,1,0,none,baostock,query_history_k_data_plus
,,,,,2025-07-02,5.8700,5.9300,5.8200,5.8500,5.8900,16017916,94177118.0900,-0.679100,2.531700,1,0,none,baostock,query_history_k_data_plus
,,,,,2025-07-03,5.8500,6.2800,5.8300,6.1100,5.8500,41958096,254614196.4600,4.444400,6.631600,1,0,none,baostock,query_history_k_data_plus
,,,,,2025-07-04,6.1000,6.1100,5.9500,5.9700,6.1100,27087640,162817334.3000,-2.291300,4.281300,1,0,none,baostock,query_history_k_data_plus
,,,,,2025-07-07,5.9700,6.0200,5.8900,5.9700,5.9700,14179905,84379404.2500,0.000000,2.241200,1,0,none,baostock,query_history_k_data_plus
,,,,,2025-07-08,5.9500,6.2000,5.9500,6.1900,5.9600,27979634,170538077.1900,3.859100,4.422300,1,0,none,baostock,query_history_k_data_plus
,,,,,2025-07-09,6.1900,6.2500,6.0500,6.0800,6.1900,18337700,112408093.8900,-1.777100,2.898300,1,0,none,baostock,query_history_k_data_plus
,,,,,2025-07-10,6.0800,6.1300,6.0000,6.0800,6.0800,13070300,79173942.0000,0.000000,2.065800,1,0,none,baostock,query_history_k_data_plus
,,,,,2025-07-11,6.2100,6.2300,6.0800,6.1100,6.0800,22203900,136731563.0000,0.493400,3.509400,1,0,none,baostock,query_history_k_data_plus
,,,,,2025-07-14,6.0900,6.1400,6.0700,6.1000,6.1100,10649677,64936883.7300,-0.163700,1.683200,1,0,none,baostock,query_history_k_data_plus
,,,,,2025-07-15,6.0800,6.1400,5.9400,5.9800,6.1000,14098400,84682854.0000,-1.967200,2.228300,1,0,none,baostock,query_history_k_data_plus
,,,,,2025-07-16,5.9900,6.0200,5.9600,5.9900,5.9800,7953275,47658081.9700,0.167200,1.257000,1,0,none,baostock,query_history_k_data_plus
,,,,,2025-07-17,5.9800,6.0300,5.9600,6.0000,5.9900,6855100,41095905.0000,0.166900,1.083500,1,0,none,baostock,query_history_k_data_plus
,,,,,2025-07-18,6.0000,6.4900,6.0000,6.3000,6.0000,48137712,302238215.2000,5.000000,7.608300,1,0,none,baostock,query_history_k_data_plus
,,,,,2025-07-21,6.3000,6.3200,6.2100,6.2600,6.3000,23113513,144758133.0700,-0.634900,3.653100,1,0,none,baostock,query_history_k_data_plus
,,,,,2025-07-22,6.2500,6.3700,6.1800,6.3300,6.2600,20515936,128767865.5200,1.118200,3.242600,1,0,none,baostock,query_history_k_data_plus
,,,,,2025-07-23,6.4000,6.4100,6.2300,6.2400,6.3300,14024000,88229960.0000,-1.421800,2.216500,1,0,none,baostock,query_history_k_data_plus
,,,,,2025-07-24,6.2100,6.4000,6.2000,6.3800,6.2400,19904878,125850231.6000,2.243600,3.146000,1,0,none,baostock,query_history_k_data_plus
,,,,,2025-07-25,6.3800,6.5400,6.2800,6.3400,6.3800,19485975,124318702.0000,-0.627000,3.079800,1,0,none,baostock,query_history_k_data_plus
,,,,,2025-07-28,6.3200,6.4300,6.2800,6.4000,6.3400,15415447,98016824.4200,0.946400,2.436400,1,0,none,baostock,query_history_k_data_plus
,,,,,2025-07-29,6.3600,6.3800,6.2300,6.3000,6.4000,14628105,91868301.6600,-1.562500,2.312000,1,0,none,baostock,query_history_k_data_plus
,,,,,2025-07-30,6.2800,6.3500,6.2100,6.2700,6.3000,11849436,74417855.9500,-0.476200,1.872800,1,0,none,baostock,query_history_k_data_plus
,,,,,2025-07-31,6.2300,6.3100,6.2100,6.2600,6.2700,10549354,65867682.3300,-0.159500,1.667400,1,0,none,baostock,query_history_k_data_plus
,,,,,2025-08-01,6.3000,6.3500,6.2100,6.2200,6.2600,14854028,92991822.5200,-0.639000,2.347700,1,0,none,baostock,query_history_k_data_plus
,,,,,2025-08-04,6.1600,6.2500,6.0300,6.2300,6.2200,22769001,139669937.2200,0.160800,3.598700,1,0,none,baostock,query_history_k_data_plus
,,,,,2025-08-05,6.2600,6.4000,6.2300,6.3700,6.2300,16551802,105050018.8600,2.247200,2.616100,1,0,none,baostock,query_history_k_data_plus
,,,,,2025-08-06,6.3700,6.5900,6.3400,6.3900,6.3700,18184007,116651038.9900,0.314000,2.874000,1,0,none,baostock,query_history_k_data_plus
,,,,,2025-08-07,6.3800,6.4100,6.2700,6.3200,6.3900,14711900,93143118.0000,-1.095500,2.325300,1,0,none,baostock,query_history_k_data_plus
,,,,,2025-08-08,6.3100,6.4100,6.2600,6.4100,6.3200,12771753,81205854.2000,1.424100,2.018600,1,0,none,baostock,query_history_k_data_plus
,,,,,2025-08-11,6.4200,6.5000,6.3600,6.4800,6.4100,11136600,71731872.9100,1.092000,1.760200,1,0,none,baostock,query_history_k_data_plus
,,,,,2025-08-12,6.4800,6.6200,6.4200,6.5800,6.4800,20188409,131621068.4100,1.543200,3.190800,1,0,none,baostock,query_history_k_data_plus
,,,,,2025-08-13,6.5800,6.6000,6.4800,6.5100,6.5800,14666593,95641517.1200,-1.063800,2.318100,1,0,none,baostock,query_history_k_data_plus
,,,,,2025-08-14,6.5200,6.5300,6.3300,6.3500,6.5100,16837800,107910537.2000,-2.457800,2.661300,1,0,none,baostock,query_history_k_data_plus
,,,,,2025-08-15,6.3400,6.4300,6.3200,6.4000,6.3500,9565800,61210823.0000,0.787400,1.511900,1,0,none,baostock,query_history_k_data_plus
,,,,,2025-08-18,6.4100,6.5300,6.3900,6.4800,6.4000,13216200,85646497.0000,1.250000,2.088900,1,0,none,baostock,query_history_k_data_plus
,,,,,2025-08-19,6.4700,6.5800,6.4400,6.5600,6.4800,14096185,92039074.8600,1.234600,2.227900,1,0,none,baostock,query_history_k_data_plus
,,,,,2025-08-20,6.5300,6.5500,6.3800,6.5000,6.5600,14176200,91565366.0000,-0.914600,2.240600,1,0,none,baostock,query_history_k_data_plus
,,,,,2025-08-21,6.5100,6.7800,6.4800,6.6800,6.5000,27021451,179310677.5300,2.769200,4.270800,1,0,none,baostock,query_history_k_data_plus
,,,,,2025-08-22,6.6600,6.6600,6.5300,6.5800,6.6800,16597823,109210546.0800,-1.497000,2.623300,1,0,none,baostock,query_history_k_data_plus
,,,,,2025-08-25,6.5900,6.6300,6.5000,6.5600,6.5800,16391435,107404444.5600,-0.304000,2.590700,1,0,none,baostock,query_history_k_data_plus
,,,,,2025-08-26,6.5600,6.6000,6.4900,6.5400,6.5600,14637135,95822632.8500,-0.304900,2.313400,1,0,none,baostock,query_history_k_data_plus
,,,,,2025-08-27,6.5500,6.5500,6.1600,6.1700,6.5400,34634895,219921327.7200,-5.657500,5.474100,1,0,none,baostock,query_history_k_data_plus
,,,,,2025-08-28,6.1500,6.2500,5.8800,6.1400,6.1700,25782771,156643063.4100,-0.486200,4.075000,1,0,none,baostock,query_history_k_data_plus
,,,,,2025-08-29,6.1100,6.1500,6.0700,6.0800,6.1400,12026543,73368402.3000,-0.977200,1.900800,1,0,none,baostock,query_history_k_data_plus
,,,,,2025-09-01,6.0800,6.2100,6.0300,6.1300,6.0800,11910963,73151471.5700,0.822400,1.882600,1,0,none,baostock,query_history_k_data_plus
,,,,,2025-09-02,6.1300,6.1800,5.9000,6.0200,6.1300,12248410,73614603.8200,-1.794500,1.935900,1,0,none,baostock,query_history_k_data_plus
,,,,,2025-09-03,6.0500,6.1000,5.8200,5.8400,6.0200,11350618,67139735.5600,-2.990000,1.794000,1,0,none,baostock,query_history_k_data_plus
,,,,,2025-09-04,5.8400,5.9500,5.8000,5.8900,5.8400,11502400,67650290.0000,0.856200,1.818000,1,0,none,baostock,query_history_k_data_plus
,,,,,2025-09-05,5.8700,5.9400,5.8300,5.9000,5.8900,10140100,59793795.0000,0.169800,1.602700,1,0,none,baostock,query_history_k_data_plus
,,,,,2025-09-08,5.9100,5.9900,5.9000,5.9600,5.9000,9786665,58172852.1000,1.016900,1.546800,1,0,none,baostock,query_history_k_data_plus
,,,,,2025-09-09,5.9400,5.9600,5.8600,5.8800,5.9600,7039300,41571117.0000,-1.342300,1.112600,1,0,none,baostock,query_history_k_data_plus
,,,,,2025-09-10,5.9100,5.9500,5.8700,5.9400,5.8800,7032404,41522142.5600,1.020400,1.111500,1,0,none,baostock,query_history_k_data_plus
,,,,,2025-09-11,5.9300,5.9500,5.8300,5.9200,5.9400,13088725,76977639.7500,-0.336700,2.068700,1,0,none,baostock,query_history_k_data_plus
,,,,,2025-09-12,5.9000,5.9700,5.8800,5.9100,5.9200,10864656,64455830.1200,-0.168900,1.717200,1,0,none,baostock,query_history_k_data_plus
,,,,,2025-09-15,5.9100,5.9300,5.8300,5.8700,5.9100,8078098,47307323.2400,-0.676800,1.276800,1,0,none,baostock,query_history_k_data_plus
,,,,,2025-09-16,5.8500,5.9400,5.8300,5.9400,5.8700,8841951,52060120.9500,1.192500,1.397500,1,0,none,baostock,query_history_k_data_plus
,,,,,2025-09-17,5.9200,5.9500,5.8700,5.9200,5.9400,6673400,39426250.0000,-0.336700,1.054700,1,0,none,baostock,query_history_k_data_plus
,,,,,2025-09-18,5.9100,5.9800,5.8000,5.8200,5.9200,13570303,79870747.4300,-1.689200,2.144800,1,0,none,baostock,query_history_k_data_plus
,,,,,2025-09-19,5.8200,5.9700,5.7700,5.8200,5.8200,11971311,69958636.8000,0.000000,1.892100,1,0,none,baostock,query_history_k_data_plus
,,,,,2025-09-22,5.7900,5.8100,5.6800,5.7400,5.8200,7446827,42619184.9000,-1.374600,1.177000,1,0,none,baostock,query_history_k_data_plus
,,,,,2025-09-23,5.7000,5.7300,5.4900,5.5900,5.7400,13150100,73375719.0000,-2.613200,2.078400,1,0,none,baostock,query_history_k_data_plus
,,,,,2025-09-24,5.6000,5.7400,5.5500,5.7300,5.5900,7359493,41698868.6800,2.504500,1.163200,1,0,none,baostock,query_history_k_data_plus
,,,,,2025-09-25,5.7300,5.7500,5.6300,5.6500,5.7300,5172100,29367852.4100,-1.396200,0.817500,1,0,none,baostock,query_history_k_data_plus
,,,,,2025-09-26,5.6500,5.7800,5.6000,5.7000,5.6500,7498500,42824525.0000,0.885000,1.185200,1,0,none,baostock,query_history_k_data_plus
,,,,,2025-09-29,5.7400,5.8100,5.6400,5.7900,5.7000,8876259,51066935.2500,1.578900,1.402900,1,0,none,baostock,query_history_k_data_plus
,,,,,2025-09-30,5.8000,5.8400,5.7400,5.7700,5.7900,8100600,46876667.0000,-0.345400,1.280300,1,0,none,baostock,query_history_k_data_plus
,,,,,2025-10-09,5.7800,6.1600,5.7700,6.0100,5.7700,21047794,126566645.6300,4.159400,3.326700,1,0,none,baostock,query_history_k_data_plus
,,,,,2025-10-10,6.0100,6.6100,5.9700,6.4900,6.0100,52581689,338745167.2600,7.986700,8.310700,1,0,none,baostock,query_history_k_data_plus
,,,,,2025-10-13,6.3100,6.6000,6.3000,6.5700,6.4900,34571299,224549713.9200,1.232700,5.464100,1,0,none,baostock,query_history_k_data_plus
,,,,,2025-10-14,6.5500,7.2000,6.5400,6.9900,6.5700,55801163,391405801.1400,6.392700,8.819500,1,0,none,baostock,query_history_k_data_plus
,,,,,2025-10-15,6.9500,7.0700,6.8200,7.0500,6.9900,32458433,225595667.7900,0.858400,5.130100,1,0,none,baostock,query_history_k_data_plus
,,,,,2025-10-16,7.0000,7.1200,6.9200,7.0100,7.0500,21991303,153747606.4200,-0.567400,3.475800,1,0,none,baostock,query_history_k_data_plus
,,,,,2025-10-17,7.0500,7.3300,6.9200,6.9400,7.0100,26239021,185617780.2700,-0.998600,4.147100,1,0,none,baostock,query_history_k_data_plus
,,,,,2025-10-20,6.9600,7.2300,6.9600,7.0900,6.9400,25163616,178853460.3400,2.161400,3.977200,1,0,none,baostock,query_history_k_data_plus
,,,,,2025-10-21,7.1500,7.2500,7.0300,7.1700,7.0900,26651912,190962507.3100,1.128300,4.212400,1,0,none,baostock,query_history_k_data_plus
,,,,,2025-10-22,7.1200,7.2500,7.0600,7.1000,7.1700,21655800,154384214.1900,-0.976300,3.422800,1,0,none,baostock,query_history_k_data_plus
,,,,,2025-10-23,7.0800,7.1400,6.9700,7.1100,7.1000,13563300,95541204.0000,0.140800,2.143700,1,0,none,baostock,query_history_k_data_plus
,,,,,2025-10-24,7.1600,7.2800,7.0800,7.1800,7.1100,18203102,130494941.3400,0.984500,2.877000,1,0,none,baostock,query_history_k_data_plus
,,,,,2025-10-27,7.1600,7.4000,7.1300,7.3500,7.1800,29624166,215836406.4200,2.367700,4.682200,1,0,none,baostock,query_history_k_data_plus
,,,,,2025-10-28,7.3000,7.4500,7.2400,7.2600,7.3500,19323424,141726075.7300,-1.224500,3.054100,1,0,none,baostock,query_history_k_data_plus
,,,,,2025-10-29,7.2100,7.5600,6.9700,7.4400,7.2600,38280853,281320413.3700,2.479300,6.050400,1,0,none,baostock,query_history_k_data_plus
,,,,,2025-10-30,7.4400,7.4400,7.1300,7.1500,7.4400,25532537,184427693.4600,-3.897800,4.035500,1,0,none,baostock,query_history_k_data_plus
,,,,,2025-10-31,7.1700,7.3500,7.1300,7.2700,7.1500,19288583,139398578.0300,1.678300,3.048600,1,0,none,baostock,query_history_k_data_plus
,,,,,2025-11-03,7.2500,7.5000,7.2500,7.4100,7.2700,16975877,125052838.0500,1.925700,2.683100,1,0,none,baostock,query_history_k_data_plus
,,,,,2025-11-04,7.4500,7.9900,7.4000,7.7000,7.4100,45484883,352299139.2600,3.913600,7.189000,1,0,none,baostock,query_history_k_data_plus
,,,,,2025-11-05,7.7000,7.8600,7.6100,7.7900,7.7000,29202368,226424118.8500,1.168800,4.615500,1,0,none,baostock,query_history_k_data_plus
,,,,,2025-11-06,7.7100,8.8900,7.7100,8.5700,7.7900,72151064,602530416.2500,10.012800,11.403700,1,0,none,baostock,query_history_k_data_plus
,,,,,2025-11-07,8.4200,8.7300,8.4200,8.5500,8.5700,45794848,392010743.7200,-0.233400,7.238000,1,0,none,baostock,query_history_k_data_plus
,,,,,2025-11-10,8.6300,9.2200,8.3300,9.0900,8.5500,67541283,601156180.0200,6.315800,10.675100,1,0,none,baostock,query_history_k_data_plus
,,,,,2025-11-11,8.9000,9.2100,8.7400,8.9900,9.0900,39209270,351576439.3700,-1.100100,6.197100,1,0,none,baostock,query_history_k_data_plus
,,,,,2025-11-12,9.0900,9.0900,8.5700,8.6800,8.9900,33749107,293817092.3300,-3.448300,5.334100,1,0,none,baostock,query_history_k_data_plus
,,,,,2025-11-13,8.6000,8.7900,8.4500,8.6900,8.6800,28059402,242002656.2500,0.115200,4.434900,1,0,none,baostock,query_history_k_data_plus
,,,,,2025-11-14,8.6300,8.7700,8.3900,8.4000,8.6900,27042092,230254611.3100,-3.337200,4.274100,1,0,none,baostock,query_history_k_data_plus
,,,,,2025-11-17,8.3000,8.4200,8.2000,8.3800,8.4000,20227052,168168343.6400,-0.238100,3.196900,1,0,none,baostock,query_history_k_data_plus
,,,,,2025-11-18,8.4000,8.6600,8.3000,8.3900,8.3800,17025420,143850479.2200,0.119300,2.690900,1,0,none,baostock,query_history_k_data_plus
,,,,,2025-11-19,8.3600,8.8800,8.3500,8.6300,8.3900,31844158,275436487.3000,2.860500,5.033000,1,0,none,baostock,query_history_k_data_plus
,,,,,2025-11-20,8.5500,8.7200,8.3500,8.3800,8.6300,21715662,184386692.6000,-2.896900,3.432200,1,0,none,baostock,query_history_k_data_plus
,,,,,2025-11-21,8.2100,8.4200,8.0200,8.0400,8.3800,25374746,207328659.4800,-4.057300,4.010500,1,0,none,baostock,query_history_k_data_plus
,,,,,2025-11-24,7.9900,8.1700,7.7500,8.0700,8.0400,24372843,194154555.9700,0.373100,3.852200,1,0,none,baostock,query_history_k_data_plus
,,,,,2025-11-25,8.1000,8.2800,8.0600,8.1500,8.0700,12795467,104367785.0700,0.991300,2.022400,1,0,none,baostock,query_history_k_data_plus
,,,,,2025-11-26,8.1100,8.2600,8.0200,8.0600,8.1500,11457182,93110576.6600,-1.104300,1.810800,1,0,none,baostock,query_history_k_data_plus
,,,,,2025-11-27,8.0000,8.3600,8.0000,8.2400,8.0600,16518100,136137671.6800,2.233300,2.610700,1,0,none,baostock,query_history_k_data_plus
,,,,,2025-11-28,8.2300,8.3800,8.1200,8.3200,8.2400,13122812,108448890.4800,0.970900,2.074100,1,0,none,baostock,query_history_k_data_plus
,,,,,2025-12-01,8.3500,8.3500,8.0300,8.0900,8.3200,14378156,116728229.5800,-2.764400,2.272500,1,0,none,baostock,query_history_k_data_plus
,,,,,2025-12-02,8.0400,8.2000,8.0200,8.1600,8.0900,10229100,83047233.0000,0.865300,1.616700,1,0,none,baostock,query_history_k_data_plus
,,,,,2025-12-03,8.1500,8.1900,7.9100,7.9600,8.1600,13100899,104991612.9500,-2.451000,2.070600,1,0,none,baostock,query_history_k_data_plus
,,,,,2025-12-04,7.9100,8.0700,7.7500,7.8900,7.9600,13595110,107100907.5300,-0.879400,2.148700,1,0,none,baostock,query_history_k_data_plus
,,,,,2025-12-05,7.8500,8.0700,7.8000,8.0100,7.8900,8383418,66650941.0000,1.520900,1.325000,1,0,none,baostock,query_history_k_data_plus
,,,,,2025-12-08,7.9800,8.0100,7.8200,7.9200,8.0100,9248100,72947706.0000,-1.123600,1.461700,1,0,none,baostock,query_history_k_data_plus
,,,,,2025-12-09,7.8800,7.9700,7.8100,7.8800,7.9200,7568965,59814136.5000,-0.505100,1.196300,1,0,none,baostock,query_history_k_data_plus
,,,,,2025-12-10,7.8400,8.2000,7.7700,7.9300,7.8800,13673185,108878593.4000,0.634500,2.161100,1,0,none,baostock,query_history_k_data_plus
,,,,,2025-12-11,7.9900,8.0200,7.8700,7.8700,7.9300,9240632,73245753.4400,-0.756600,1.460500,1,0,none,baostock,query_history_k_data_plus
,,,,,2025-12-12,7.9000,7.9500,7.7100,7.7700,7.8700,7980300,62496198.0000,-1.270600,1.261300,1,0,none,baostock,query_history_k_data_plus
,,,,,2025-12-15,7.7100,7.8200,7.6900,7.7800,7.7700,6394963,49743691.4000,0.128700,1.010700,1,0,none,baostock,query_history_k_data_plus
,,,,,2025-12-16,7.7800,7.8300,7.3800,7.4100,7.7800,12872000,96592192.0000,-4.755800,2.034500,1,0,none,baostock,query_history_k_data_plus
,,,,,2025-12-17,7.4100,7.6000,7.2900,7.5100,7.4100,12337305,91485025.1400,1.349500,1.949900,1,0,none,baostock,query_history_k_data_plus
,,,,,2025-12-18,7.5000,7.5900,7.4000,7.4100,7.5100,6976006,52141132.1200,-1.331600,1.102600,1,0,none,baostock,query_history_k_data_plus
,,,,,2025-12-19,7.4200,7.5200,7.4000,7.5000,7.4100,6325354,47279882.1500,1.214600,0.999700,1,0,none,baostock,query_history_k_data_plus
,,,,,2025-12-22,7.4900,7.5800,7.4700,7.5000,7.5000,5804300,43617321.0000,0.000000,0.917400,1,0,none,baostock,query_history_k_data_plus
,,,,,2025-12-23,7.4800,7.5200,7.3700,7.4300,7.5000,6866850,51013286.0000,-0.933300,1.085300,1,0,none,baostock,query_history_k_data_plus
,,,,,2025-12-24,7.4200,7.4400,7.3500,7.3900,7.4300,5946527,43947266.5300,-0.538400,0.939900,1,0,none,baostock,query_history_k_data_plus
,,,,,2025-12-25,7.3500,7.4700,7.3400,7.4300,7.3900,6519179,48250592.9700,0.541300,1.030400,1,0,none,baostock,query_history_k_data_plus
,,,,,2025-12-26,7.4300,7.9000,7.4000,7.7500,7.4300,18309510,141679572.2700,4.306900,2.893900,1,0,none,baostock,query_history_k_data_plus
,,,,,2025-12-29,7.8000,7.8500,7.5800,7.6100,7.7500,11831111,91237612.1400,-1.806500,1.869900,1,0,none,baostock,query_history_k_data_plus
,,,,,2025-12-30,7.6000,8.2400,7.5300,8.0300,7.6100,31074765,249969774.7900,5.519100,4.911400,1,0,none,baostock,query_history_k_data_plus
,,,,,2025-12-31,8.1700,8.1700,7.9700,8.1500,8.0300,17605433,141814517.9800,1.494400,2.782600,1,0,none,baostock,query_history_k_data_plus
,,,,,2026-01-05,8.2500,8.5000,7.9000,8.0700,8.1500,29779143,242633512.4600,-0.981600,4.706700,1,0,none,baostock,query_history_k_data_plus
,,,,,2026-01-06,8.1300,8.2700,7.9100,7.9400,8.0700,20280003,163243337.0900,-1.610900,3.205300,1,0,none,baostock,query_history_k_data_plus
,,,,,2026-01-07,7.9100,8.1100,7.8400,8.0200,7.9400,14464933,115072149.6700,1.007600,2.286200,1,0,none,baostock,query_history_k_data_plus
,,,,,2026-01-08,7.9400,8.2400,7.9100,8.1300,8.0200,18441277,149714714.9300,1.371600,2.914700,1,0,none,baostock,query_history_k_data_plus
,,,,,2026-01-09,8.1300,8.2400,7.9800,8.0600,8.1300,15839404,127492121.3200,-0.861000,2.503500,1,0,none,baostock,query_history_k_data_plus
,,,,,2026-01-12,8.0900,8.1100,7.9300,8.1100,8.0600,14742130,118234564.3100,0.620300,2.330000,1,0,none,baostock,query_history_k_data_plus
,,,,,2026-01-13,8.0400,8.3900,8.0200,8.1900,8.1100,21777000,179132055.0000,0.986400,3.441900,1,0,none,baostock,query_history_k_data_plus
,,,,,2026-01-14,8.1800,8.2000,7.9100,8.0100,8.1900,19700633,159137665.3200,-2.197800,3.113700,1,0,none,baostock,query_history_k_data_plus
,,,,,2026-01-15,8.0800,8.0800,7.9300,7.9900,8.0100,7560891,60442299.9100,-0.249700,1.195000,1,0,none,baostock,query_history_k_data_plus
,,,,,2026-01-16,8.0300,8.1200,7.8600,7.9000,7.9900,11297774,89841617.8600,-1.126400,1.785600,1,0,none,baostock,query_history_k_data_plus
,,,,,2026-01-19,7.9000,8.1500,7.8600,8.1500,7.9000,15119398,122317501.4800,3.164600,2.389700,1,0,none,baostock,query_history_k_data_plus
,,,,,2026-01-20,8.1300,8.1600,7.9100,7.9600,8.1500,10981129,87965148.5500,-2.331300,1.735600,1,0,none,baostock,query_history_k_data_plus
,,,,,2026-01-21,7.9200,8.1800,7.9200,8.1600,7.9600,14810152,119930630.7600,2.512600,2.340800,1,0,none,baostock,query_history_k_data_plus
,,,,,2026-01-22,8.1600,8.2600,8.1000,8.1900,8.1600,12434172,101791622.0000,0.367600,1.965300,1,0,none,baostock,query_history_k_data_plus
,,,,,2026-01-23,8.2000,8.3500,8.1800,8.2800,8.1900,13843975,114417883.0700,1.098900,2.188100,1,0,none,baostock,query_history_k_data_plus
,,,,,2026-01-26,8.2500,8.3100,7.9600,8.1700,8.2800,19353781,157173095.7200,-1.328500,3.058900,1,0,none,baostock,query_history_k_data_plus
,,,,,2026-01-27,8.1500,8.3500,7.9000,8.3500,8.1700,25511501,208897530.9700,2.203200,4.032200,1,0,none,baostock,query_history_k_data_plus
,,,,,2026-01-28,8.4000,8.4000,8.0100,8.0600,8.3500,26019888,211542121.4000,-3.473100,4.112500,1,0,none,baostock,query_history_k_data_plus
,,,,,2026-01-29,8.0600,8.1300,7.8100,7.9400,8.0600,21622400,172178141.0000,-1.488800,3.417500,1,0,none,baostock,query_history_k_data_plus
,,,,,2026-01-30,7.8700,7.9400,7.7100,7.7900,7.9400,13018624,101935811.5200,-1.889200,2.057600,1,0,none,baostock,query_history_k_data_plus
,,,,,2026-02-02,7.5700,7.7500,7.2700,7.5500,7.7900,17736496,134389310.7600,-3.080900,2.803300,1,0,none,baostock,query_history_k_data_plus
,,,,,2026-02-03,7.5500,7.6700,7.5200,7.5700,7.5500,9198881,69582424.3600,0.264900,1.453900,1,0,none,baostock,query_history_k_data_plus
,,,,,2026-02-04,7.6200,7.6500,7.5200,7.5600,7.5700,8524900,64624605.0000,-0.132100,1.347400,1,0,none,baostock,query_history_k_data_plus
,,,,,2026-02-05,7.5000,7.5800,7.3900,7.4000,7.5600,7809401,58190997.4300,-2.116400,1.234300,1,0,none,baostock,query_history_k_data_plus
,,,,,2026-02-06,7.3900,7.5700,7.3100,7.4200,7.4000,8138778,60747105.6700,0.270300,1.286400,1,0,none,baostock,query_history_k_data_plus
,,,,,2026-02-09,7.5200,8.2400,7.5200,8.1800,7.4200,37454229,298495176.6700,10.242600,5.919700,1,0,none,baostock,query_history_k_data_plus
,,,,,2026-02-10,8.2500,8.5500,8.1800,8.5200,8.1800,37518128,315619902.1400,4.156500,5.929800,1,0,none,baostock,query_history_k_data_plus
,,,,,2026-02-11,8.5500,8.7400,8.4200,8.6100,8.5200,23999502,205824548.9100,1.056300,3.792300,1,0,none,baostock,query_history_k_data_plus
,,,,,2026-02-12,8.6200,8.7200,8.3900,8.4200,8.6100,17029879,145185126.2600,-2.206700,2.691000,1,0,none,baostock,query_history_k_data_plus
,,,,,2026-02-13,8.4300,8.6800,8.3800,8.5000,8.4200,17169147,146982930.9900,0.950100,2.713000,1,0,none,baostock,query_history_k_data_plus
,,,,,2026-02-24,8.6300,9.0800,8.5500,8.9700,8.5000,32979112,293775791.8400,5.529400,5.211200,1,0,none,baostock,query_history_k_data_plus
,,,,,2026-02-25,8.9800,9.1000,8.7300,9.0400,8.9700,26402494,236554512.7800,0.780400,4.172000,1,0,none,baostock,query_history_k_data_plus
,,,,,2026-02-26,9.0900,9.5100,8.9000,8.9400,9.0400,19402632,175475763.3400,-1.106200,3.065900,1,0,none,baostock,query_history_k_data_plus
,,,,,2026-02-27,9.0000,9.1200,8.8300,9.0700,8.9400,16092428,144680942.5300,1.454100,2.542900,1,0,none,baostock,query_history_k_data_plus
,,,,,2026-03-02,9.1000,9.4500,8.9800,9.3900,9.0700,53092348,491297314.6000,3.528100,8.389400,1,0,none,baostock,query_history_k_data_plus
,,,,,2026-03-03,9.3000,10.2800,8.9700,9.9500,9.3900,91992585,885243327.8200,5.963800,14.536300,1,0,none,baostock,query_history_k_data_plus
,,,,,2026-03-04,9.7400,10.1500,9.3100,10.0100,9.9500,67587899,660418584.7700,0.603000,10.679900,1,0,none,baostock,query_history_k_data_plus
,,,,,2026-03-05,10.0000,10.5800,9.9000,10.3200,10.0100,66733938,685564823.7800,3.096900,10.545000,1,0,none,baostock,query_history_k_data_plus
,,,,,2026-03-06,10.1500,11.0500,10.0100,10.7500,10.3200,58689644,626622305.3100,4.166700,9.273900,1,0,none,baostock,query_history_k_data_plus
,,,,,2026-03-09,11.0500,11.4700,10.7000,11.0500,10.7500,76280374,844445311.5100,2.790700,12.053500,1,0,none,baostock,query_history_k_data_plus
,,,,,2026-03-10,10.6500,11.7000,10.4600,11.0600,11.0500,96204669,1079372036.2900,0.090500,15.201800,1,0,none,baostock,query_history_k_data_plus
,,,,,2026-03-11,11.0000,11.1500,10.7900,10.8400,11.0600,49386952,540466282.4000,-1.989200,7.803900,1,0,none,baostock,query_history_k_data_plus
,,,,,2026-03-12,10.9700,11.0200,10.6100,10.7300,10.8400,35141401,380997014.4900,-1.014800,5.552900,1,0,none,baostock,query_history_k_data_plus
,,,,,2026-03-13,10.7000,11.1400,10.6100,10.7400,10.7300,36024401,392267557.7900,0.093200,5.692400,1,0,none,baostock,query_history_k_data_plus
,,,,,2026-03-16,10.8400,10.8900,10.3500,10.4000,10.7400,36195344,379379629.0800,-3.165700,5.719400,1,0,none,baostock,query_history_k_data_plus
,,,,,2026-03-17,10.3900,10.6500,10.1700,10.2100,10.4000,26492600,275657534.7300,-1.826900,4.186200,1,0,none,baostock,query_history_k_data_plus
,,,,,2026-03-18,10.1700,10.2900,9.9500,10.1200,10.2100,19377890,195606504.2800,-0.881500,3.062000,1,0,none,baostock,query_history_k_data_plus
,,,,,2026-03-19,10.0400,10.1000,9.8400,9.9000,10.1200,19712715,195878603.4000,-2.173900,3.114900,1,0,none,baostock,query_history_k_data_plus
,,,,,2026-03-20,9.9300,9.9400,9.4200,9.4400,9.9000,28328448,272294980.7300,-4.646500,4.476300,1,0,none,baostock,query_history_k_data_plus
,,,,,2026-03-23,9.2900,9.3500,8.8300,9.0000,9.4400,35157232,320146924.4200,-4.661000,5.555400,1,0,none,baostock,query_history_k_data_plus
,,,,,2026-03-24,9.1300,9.6100,9.1200,9.6100,9.0000,34464785,325427255.8000,6.777800,5.446000,1,0,none,baostock,query_history_k_data_plus
,,,,,2026-03-25,9.6800,10.8300,9.5500,10.6300,9.6100,48425695,497934731.5600,10.613900,7.652000,1,0,none,baostock,query_history_k_data_plus
,,,,,2026-03-26,10.8800,11.0000,10.5300,10.8400,10.6300,37748930,404778491.3800,1.975500,5.964900,1,0,none,baostock,query_history_k_data_plus
,,,,,2026-03-27,10.8500,11.3000,10.6500,11.2400,10.8400,38501623,428925743.3800,3.690000,6.083900,1,0,none,baostock,query_history_k_data_plus
,,,,,2026-03-30,11.1500,11.3900,11.0300,11.2900,11.2400,26262832,294900143.9200,0.444800,4.149900,1,0,none,baostock,query_history_k_data_plus
,,,,,2026-03-31,11.3400,11.5400,11.1700,11.2100,11.2900,27294212,308920233.5800,-0.708600,4.312900,1,0,none,baostock,query_history_k_data_plus
,,,,,2026-04-01,11.2600,11.5100,11.0800,11.2900,11.2100,28828196,326196665.9000,0.713600,4.555300,1,0,none,baostock,query_history_k_data_plus
,,,,,2026-04-02,11.3000,12.5000,11.2900,12.2000,11.2900,72791869,875151848.0200,8.060200,11.502200,1,0,none,baostock,query_history_k_data_plus
,,,,,2026-04-03,12.1000,12.1500,11.1800,11.2100,12.2000,55983567,646727327.8100,-8.114800,8.846300,1,0,none,baostock,query_history_k_data_plus
,,,,,2026-04-07,11.1400,11.3200,10.7500,11.2600,11.2100,29365838,325836164.8500,0.446000,4.640300,1,0,none,baostock,query_history_k_data_plus
,,,,,2026-04-08,11.2000,11.6600,11.1000,11.4800,11.2600,31154335,356807249.2400,1.953800,4.922900,1,0,none,baostock,query_history_k_data_plus
,,,,,2026-04-09,11.6500,11.6500,11.3000,11.5000,11.4800,22396766,256675945.2000,0.174200,3.539000,1,0,none,baostock,query_history_k_data_plus
,,,,,2026-04-10,11.6700,11.8400,11.4600,11.6200,11.5000,29027800,338100291.0600,1.043500,4.586800,1,0,none,baostock,query_history_k_data_plus
,,,,,2026-04-13,11.7400,12.6500,11.5200,12.4500,11.6200,44426788,545253670.2300,7.142900,7.020100,1,0,none,baostock,query_history_k_data_plus
,,,,,2026-04-14,12.5000,13.1200,12.1300,12.5800,12.4500,37284389,465298510.4400,1.044200,5.891500,1,0,none,baostock,query_history_k_data_plus
,,,,,2026-04-15,12.5100,12.9500,12.2600,12.4300,12.5800,29357198,368070104.1700,-1.192400,4.638900,1,0,none,baostock,query_history_k_data_plus
,,,,,2026-04-16,12.4800,12.5600,11.9200,12.0800,12.4300,32595500,394265454.0000,-2.815800,5.150600,1,0,none,baostock,query_history_k_data_plus
,,,,,2026-04-17,12.0500,12.6800,12.0000,12.3800,12.0800,28427353,353065807.0900,2.483400,4.492000,1,0,none,baostock,query_history_k_data_plus
,,,,,2026-04-20,12.3900,12.4200,10.8500,11.4900,12.3800,57072773,661697488.4100,-7.189000,9.018400,1,0,none,baostock,query_history_k_data_plus
,,,,,2026-04-21,11.4100,11.7500,11.3800,11.5100,11.4900,22725034,262184859.4000,0.174100,3.590900,1,0,none,baostock,query_history_k_data_plus
,,,,,2026-04-22,11.4700,11.7100,11.3500,11.5700,11.5100,21565738,249312122.5000,0.521300,3.407700,1,0,none,baostock,query_history_k_data_plus
,,,,,2026-04-23,11.6600,12.2100,11.4000,12.0900,11.5700,29962830,358345804.4400,4.494400,4.734600,1,0,none,baostock,query_history_k_data_plus
,,,,,2026-04-24,11.9000,11.9000,11.0000,11.4900,12.0900,39542308,454016704.8400,-4.962800,6.248300,1,0,none,baostock,query_history_k_data_plus
,,,,,2026-04-27,11.4800,12.0500,11.3100,11.6800,11.4900,27240042,317734242.0000,1.653600,4.304300,1,0,none,baostock,query_history_k_data_plus
,,,,,2026-04-28,11.6700,11.6700,11.1300,11.4100,11.6800,22701920,258001337.1000,-2.311600,3.587300,1,0,none,baostock,query_history_k_data_plus
,,,,,2026-04-29,11.4000,11.6600,11.2800,11.4000,11.4100,16217421,185584843.5900,-0.087600,2.562600,1,0,none,baostock,query_history_k_data_plus
,,,,,2026-04-30,11.4500,11.7000,11.4000,11.6200,11.4000,17644813,204603191.0800,1.929800,2.788200,1,0,none,baostock,query_history_k_data_plus
,,,,,2026-05-06,11.6300,11.7700,11.2500,11.4000,11.6200,20484994,235061071.1100,-1.893300,3.236900,1,0,none,baostock,query_history_k_data_plus
,,,,,2026-05-07,11.3900,11.7600,10.8500,11.0100,11.4000,37077684,414228232.5800,-3.421100,5.858800,1,0,none,baostock,query_history_k_data_plus
,,,,,2026-05-08,10.9500,11.3800,10.8300,11.1700,11.0100,22668798,252590269.5300,1.453200,3.582000,1,0,none,baostock,query_history_k_data_plus
,,,,,2026-05-11,11.1700,11.6800,11.1100,11.4200,11.1700,29809332,341298874.9300,2.238100,4.710300,1,0,none,baostock,query_history_k_data_plus
,,,,,2026-05-12,11.4000,11.4900,10.9600,11.0300,11.4200,24080600,268409970.0000,-3.415100,3.805100,1,0,none,baostock,query_history_k_data_plus
,,,,,2026-05-13,11.0500,11.3400,10.9500,11.1500,11.0300,17546577,196197708.0300,1.087900,2.772600,1,0,none,baostock,query_history_k_data_plus
,,,,,2026-05-14,11.1000,11.2700,10.7500,10.9400,11.1500,23489390,257562290.6800,-1.883400,3.711700,1,0,none,baostock,query_history_k_data_plus
,,,,,2026-05-15,11.0000,11.1600,9.8700,10.1800,10.9400,54556777,560518986.7200,-6.947000,8.620800,1,0,none,baostock,query_history_k_data_plus
,,,,,2026-05-18,10.1500,10.2000,9.8300,9.9100,10.1800,22651628,224916854.7200,-2.652300,3.579300,1,0,none,baostock,query_history_k_data_plus
,,,,,2026-05-19,9.9600,9.9800,9.5600,9.7200,9.9100,19731241,191347736.7000,-1.917300,3.117800,1,0,none,baostock,query_history_k_data_plus
,,,,,2026-05-20,9.7100,10.0000,9.4400,9.9500,9.7200,26969218,262379356.7900,2.366300,4.261600,1,0,none,baostock,query_history_k_data_plus
,,,,,2026-05-21,10.1400,10.5100,9.6200,9.7000,9.9500,31732921,319634281.7300,-2.512600,5.014300,1,0,none,baostock,query_history_k_data_plus
,,,,,2026-05-22,9.6900,10.1900,9.6200,10.1000,9.7000,19843896,196587178.1800,4.123700,3.135600,1,0,none,baostock,query_history_k_data_plus
,,,,,2026-05-25,10.1100,10.1600,9.5800,9.7700,10.1000,23430002,228087530.8900,-3.267300,3.702300,1,0,none,baostock,query_history_k_data_plus
,,,,,2026-05-26,9.7100,9.8000,9.2700,9.4200,9.7700,19076326,179981299.4800,-3.582400,3.014400,1,0,none,baostock,query_history_k_data_plus
,,,,,2026-05-27,9.4700,9.4700,8.2000,8.4500,9.4200,47542008,414560424.4300,-10.297200,7.512400,1,0,none,baostock,query_history_k_data_plus
,,,,,2026-05-28,8.4800,8.7100,8.2600,8.4500,8.4500,33651700,285257909.0000,0.000000,5.317500,1,0,none,baostock,query_history_k_data_plus
,,,,,2026-05-29,8.4500,8.5200,8.2000,8.3000,8.4500,23301900,194202650.0000,-1.775100,3.682100,1,0,none,baostock,query_history_k_data_plus
,,,,,2026-06-01,8.2700,9.1400,8.2500,8.7700,8.3000,30340936,269910442.3700,5.662700,4.794300,1,0,none,baostock,query_history_k_data_plus
,,,,,2026-06-02,8.8400,9.1400,8.4300,8.5300,8.7700,24075859,210164036.6300,-2.736600,3.804400,1,0,none,baostock,query_history_k_data_plus
,,,,,2026-06-03,8.5200,8.6500,8.4100,8.5400,8.5300,13580286,115383616.3800,0.117200,2.145900,1,0,none,baostock,query_history_k_data_plus
,,,,,2026-06-04,8.4300,8.4800,8.1600,8.2300,8.5400,16562241,137291379.0900,-3.630000,2.617100,1,0,none,baostock,query_history_k_data_plus
,,,,,2026-06-05,8.2800,8.7900,8.0600,8.5400,8.2300,24290763,205541511.1000,3.766700,3.838300,1,0,none,baostock,query_history_k_data_plus
,,,,,2026-06-08,8.2300,8.3800,7.6500,7.7400,8.5400,35136918,279556245.4200,-9.367700,5.552200,1,0,none,baostock,query_history_k_data_plus
,,,,,2026-06-09,7.8000,7.9500,7.6000,7.8200,7.7400,21843201,169275784.8000,1.033600,3.451600,1,0,none,baostock,query_history_k_data_plus
,,,,,2026-06-10,7.8000,7.9500,7.6400,7.9100,7.8200,16882216,131704144.5600,1.150900,2.667700,1,0,none,baostock,query_history_k_data_plus
,,,,,2026-06-11,7.8100,8.5500,7.8100,8.0900,7.9100,29662156,243273411.8000,2.275600,4.687100,1,0,none,baostock,query_history_k_data_plus
,,,,,2026-06-12,8.0600,8.2600,7.9100,8.0400,8.0900,16224800,130509744.1000,-0.618000,2.563800,1,0,none,baostock,query_history_k_data_plus
,,,,,2026-06-15,8.0000,8.1100,7.6900,7.7100,8.0400,22161150,173362235.5000,-4.104500,3.501800,1,0,none,baostock,query_history_k_data_plus
,,,,,2026-06-16,7.7100,8.0200,7.4400,7.7700,7.7100,21341170,164520847.5600,0.778200,3.372200,1,0,none,baostock,query_history_k_data_plus
,,,,,2026-06-17,7.7000,7.7600,7.5000,7.5700,7.7700,13725578,104400959.9100,-2.574000,2.168900,1,0,none,baostock,query_history_k_data_plus
,,,,,2026-06-18,7.6000,7.7800,7.4100,7.6100,7.5700,19307343,146539046.6600,0.528400,3.050900,1,0,none,baostock,query_history_k_data_plus
,,,,,2026-06-22,7.6100,7.6300,7.1400,7.5200,7.6100,21718204,159541622.3200,-1.182700,3.431800,1,0,none,baostock,query_history_k_data_plus
,,,,,2026-06-23,7.4800,7.6200,7.3200,7.3800,7.5200,16840110,125461166.2400,-1.861700,2.661000,1,0,none,baostock,query_history_k_data_plus
,,,,,2026-06-24,7.3100,7.3800,6.9000,7.0400,7.3800,23364399,164911119.5900,-4.607000,3.691900,1,0,none,baostock,query_history_k_data_plus
,,,,,2026-06-25,7.0500,7.0900,6.5000,6.6800,7.0400,27373300,185476942.0000,-5.113600,4.325400,1,0,none,baostock,query_history_k_data_plus
,,,,,2026-06-26,6.7200,6.7200,6.3500,6.3500,6.6800,26266907,170874097.3600,-4.940100,4.150600,1,0,none,baostock,query_history_k_data_plus
,,,,,2026-06-29,6.4000,6.4500,5.9800,6.3200,6.3500,26330928,164528073.7400,-0.472400,4.160700,1,0,none,baostock,query_history_k_data_plus
